Date,Temperature_inside,Humidity_inside,Temperature_outside,Humidity_outside,Radiation_inside,Radiation_outside,Wind_speed_outside,Vent_S1_Roof_1,Vent_S1_Roof_2,Vent_S1_Roof_3,Vent_S1_Side_NW,Vent_S1_Side_S,Vent_S1_Side_N,Vent_S1_Side_SW,Vent_S2_Roof_1,Vent_S2_Roof_2,Vent_S2_Roof_3,Vent_S2_Side_E,Vent_S2_Side_S,Vent_S2_Side_N
2025-11-21 09:49:49,13.23,55.7,13.34,42.55,0,2.12,5.61,0,0,0,100,100,100,100,0,0,0,100,100,100
2025-11-21 09:50:45,13.23,55.7,13.34,42.55,0,2.12,5.61,0,0,0,100,100,100,100,0,0,0,100,100,100
2025-11-21 09:51:16,13.23,55.7,13.34,42.55,0,2.12,5.61,0,0,0,100,100,100,100,0,0,0,100,100,100
2025-11-21 09:51:47,13.23,55.7,13.34,42.55,0,2.12,5.61,0,0,0,100,100,100,100,0,0,0,100,100,100
2025-11-21 09:52:17,13.23,55.7,13.34,42.55,0,2.12,5.61,0,0,0,100,100,100,100,0,0,0,100,100,100
2025-11-21 09:52:48,13.23,55.7,13.34,42.55,0,2.12,5.61,0,0,0,100,100,100,100,0,0,0,100,100,100
2025-11-21 09:53:19,13.23,55.7,13.34,42.55,0,2.12,5.61,0,0,0,100,100,100,100,0,0,0,100,100,100
2025-11-21 09:53:50,13.23,55.7,13.34,42.55,0,2.12,5.61,0,0,0,100,100,100,100,0,0,0,100,100,100
2025-11-21 09:54:20,13.23,55.7,13.34,42.55,0,2.12,5.61,0,0,0,100,100,100,100,0,0,0,100,100,100
2025-11-21 09:54:51,13.23,55.7,13.34,42.55,0,2.12,5.61,0,0,0,100,100,100,100,0,0,0,100,100,100
2025-11-21 09:55:22,13.23,55.7,13.34,42.55,0,2.12,5.61,0,0,0,100,100,100,100,0,0,0,100,100,100
2025-11-21 09:55:53,13.23,55.7,13.34,42.55,0,2.12,5.61,0,0,0,100,100,100,100,0,0,0,100,100,100
2025-11-21 09:56:24,13.23,55.7,13.34,42.55,0,2.12,5.61,0,0,0,100,100,100,100,0,0,0,100,100,100
2025-11-21 09:56:55,13.23,55.7,13.34,42.55,0,2.12,5.61,0,0,0,100,100,100,100,0,0,0,100,100,100
2025-11-21 09:57:25,13.23,55.7,13.34,42.55,0,2.12,5.61,0,0,0,100,100,100,100,0,0,0,100,100,100
2025-11-21 09:57:56,13.23,55.7,13.34,42.55,0,2.12,5.61,0,0,0,100,100,100,100,0,0,0,100,100,100
2025-11-21 09:58:27,13.23,55.7,13.34,42.55,0,2.12,5.61,0,0,0,100,100,100,100,0,0,0,100,100,100
2025-11-21 09:58:58,13.23,55.7,13.34,42.55,0,2.12,5.61,0,0,0,100,100,100,100,0,0,0,100,100,100
2025-11-21 09:59:29,13.23,55.7,13.34,42.55,0,2.12,5.61,0,0,0,100,100,100,100,0,0,0,100,100,100
2025-11-21 09:59:59,13.23,55.7,13.34,42.55,0,2.12,5.61,0,0,0,100,100,100,100,0,0,0,100,100,100
2025-11-21 10:00:30,13.23,55.7,13.34,42.55,0,2.12,5.61,0,0,0,100,100,100,100,0,0,0,100,100,100
2025-11-21 10:01:01,13.23,55.7,13.34,42.55,0,2.12,5.61,0,0,0,100,100,100,100,0,0,0,100,100,100
2025-11-21 10:01:32,13.23,55.7,13.34,42.55,0,2.12,5.61,0,0,0,100,100,100,100,0,0,0,100,100,100
2025-11-21 10:02:03,13.23,55.7,13.34,42.55,0,2.12,5.61,0,0,0,100,100,100,100,0,0,0,100,100,100
2025-11-21 10:02:34,13.23,55.7,13.34,42.55,0,2.12,5.61,0,0,0,100,100,100,100,0,0,0,100,100,100
2025-11-21 10:03:04,13.23,55.7,13.34,42.55,0,2.12,5.61,0,0,0,100,100,100,100,0,0,0,100,100,100
2025-11-21 10:03:35,13.23,55.7,13.34,42.55,0,2.12,5.61,0,0,0,100,100,100,100,0,0,0,100,100,100
2025-11-21 10:04:06,13.23,55.7,13.34,42.55,0,2.12,5.61,0,0,0,100,100,100,100,0,0,0,100,100,100
2025-11-21 10:04:37,13.23,55.7,13.34,42.55,0,2.12,5.61,0,0,0,100,100,100,100,0,0,0,100,100,100
2025-11-21 10:05:08,13.23,55.7,13.34,42.55,0,2.12,5.61,0,0,0,100,100,100,100,0,0,0,100,100,100
2025-11-21 10:05:38,13.23,55.7,13.34,42.55,0,2.12,5.61,0,0,0,100,100,100,100,0,0,0,100,100,100
2025-11-21 10:06:09,13.23,55.7,13.34,42.55,0,2.12,5.61,0,0,0,100,100,100,100,0,0,0,100,100,100
2025-11-21 10:06:40,13.23,55.7,13.34,42.55,0,2.12,5.61,0,0,0,100,100,100,100,0,0,0,100,100,100
2025-11-21 10:07:11,13.23,55.7,13.34,42.55,0,2.12,5.61,0,0,0,100,100,100,100,0,0,0,100,100,100
2025-11-21 10:07:42,13.23,55.7,13.34,42.55,0,2.12,5.61,0,0,0,100,100,100,100,0,0,0,100,100,100
2025-11-21 10:08:13,13.23,55.7,13.34,42.55,0,2.12,5.61,0,0,0,100,100,100,100,0,0,0,100,100,100
2025-11-21 10:08:43,13.23,55.7,13.34,42.55,0,2.12,5.61,0,0,0,100,100,100,100,0,0,0,100,100,100
2025-11-21 10:09:14,13.23,55.7,13.34,42.55,0,2.12,5.61,0,0,0,100,100,100,100,0,0,0,100,100,100
2025-11-21 10:09:45,13.23,55.7,13.34,42.55,0,2.12,5.61,0,0,0,100,100,100,100,0,0,0,100,100,100
2025-11-21 10:10:16,13.23,55.7,13.34,42.55,0,2.12,5.61,0,0,0,100,100,100,100,0,0,0,100,100,100
2025-11-21 10:10:47,13.23,55.7,13.34,42.55,0,2.12,5.61,0,0,0,100,100,100,100,0,0,0,100,100,100
2025-11-21 10:11:17,13.23,55.7,13.34,42.55,0,2.12,5.61,0,0,0,100,100,100,100,0,0,0,100,100,100
2025-11-21 10:11:48,13.23,55.7,13.34,42.55,0,2.12,5.61,0,0,0,100,100,100,100,0,0,0,100,100,100
2025-11-21 10:12:19,13.23,55.7,13.34,42.55,0,2.12,5.61,0,0,0,100,100,100,100,0,0,0,100,100,100
2025-11-21 10:12:50,13.23,55.7,13.34,42.55,0,2.12,5.61,0,0,0,100,100,100,100,0,0,0,100,100,100
2025-11-21 10:13:21,13.23,55.7,13.34,42.55,0,2.12,5.61,0,0,0,100,100,100,100,0,0,0,100,100,100
2025-11-21 10:14:18,13.23,55.7,13.34,42.55,0,2.12,5.61,0,0,0,100,100,100,100,0,0,0,100,100,100
2025-11-21 10:14:48,13.23,55.7,13.34,42.55,0,2.12,5.61,0,0,0,100,100,100,100,0,0,0,100,100,100
2025-11-21 10:15:19,13.23,55.7,13.34,42.55,0,2.12,5.61,0,0,0,100,100,100,100,0,0,0,100,100,100
2025-11-21 10:15:50,13.23,55.7,13.34,42.55,0,2.12,5.61,0,0,0,100,100,100,100,0,0,0,100,100,100
2025-11-21 10:16:21,13.23,55.7,13.34,42.55,0,2.12,5.61,0,0,0,100,100,100,100,0,0,0,100,100,100
2025-11-21 10:16:52,13.23,55.7,13.34,42.55,0,2.12,5.61,0,0,0,100,100,100,100,0,0,0,100,100,100
2025-11-21 10:17:22,13.23,55.7,13.34,42.55,0,2.12,5.61,0,0,0,100,100,100,100,0,0,0,100,100,100
2025-11-21 10:17:53,13.23,55.7,13.34,42.55,0,2.12,5.61,0,0,0,100,100,100,100,0,0,0,100,100,100
2025-11-21 10:18:24,13.23,55.7,13.34,42.55,0,2.12,5.61,0,0,0,100,100,100,100,0,0,0,100,100,100
2025-11-21 10:18:54,13.23,55.7,13.34,42.55,0,2.12,5.61,0,0,0,100,100,100,100,0,0,0,100,100,100
2025-11-21 10:19:24,13.23,55.7,13.34,42.55,0,2.12,5.61,0,0,0,100,100,100,100,0,0,0,100,100,100
2025-11-21 10:19:55,13.23,55.7,13.34,42.55,0,2.12,5.61,0,0,0,100,100,100,100,0,0,0,100,100,100
2025-11-21 10:20:26,13.23,55.7,13.34,42.55,0,2.12,5.61,0,0,0,100,100,100,100,0,0,0,100,100,100
2025-11-21 10:20:57,13.23,55.7,13.34,42.55,0,2.12,5.61,0,0,0,100,100,100,100,0,0,0,100,100,100
2025-11-21 10:21:28,13.23,55.7,13.34,42.55,0,2.12,5.61,0,0,0,100,100,100,100,0,0,0,100,100,100
2025-11-21 10:21:58,13.23,55.7,13.34,42.55,0,2.12,5.61,0,0,0,100,100,100,100,0,0,0,100,100,100
2025-11-21 10:22:29,13.23,55.7,13.34,42.55,0,2.12,5.61,0,0,0,100,100,100,100,0,0,0,100,100,100
2025-11-21 10:23:00,13.23,55.7,13.34,42.55,0,2.12,5.61,0,0,0,100,100,100,100,0,0,0,100,100,100
2025-11-21 10:23:31,13.23,55.7,13.34,42.55,0,2.12,5.61,0,0,0,100,100,100,100,0,0,0,100,100,100
2025-11-21 10:24:02,13.23,55.7,13.34,42.55,0,2.12,5.61,0,0,0,100,100,100,100,0,0,0,100,100,100
2025-11-21 10:24:32,13.23,55.7,13.34,42.55,0,2.12,5.61,0,0,0,100,100,100,100,0,0,0,100,100,100
2025-11-21 10:25:03,13.23,55.7,13.34,42.55,0,2.12,5.61,0,0,0,100,100,100,100,0,0,0,100,100,100
2025-11-21 10:25:34,13.23,55.7,13.34,42.55,0,2.12,5.61,0,0,0,100,100,100,100,0,0,0,100,100,100
2025-11-21 10:26:05,13.23,55.7,13.34,42.55,0,2.12,5.61,0,0,0,100,100,100,100,0,0,0,100,100,100
2025-11-21 10:26:35,13.23,55.7,13.34,42.55,0,2.12,5.61,0,0,0,100,100,100,100,0,0,0,100,100,100
2025-11-21 10:27:06,13.23,55.7,13.34,42.55,0,2.12,5.61,0,0,0,100,100,100,100,0,0,0,100,100,100
2025-11-21 10:27:37,13.23,55.7,13.34,42.55,0,2.12,5.61,0,0,0,100,100,100,100,0,0,0,100,100,100
2025-11-21 10:28:08,13.23,55.7,13.34,42.55,0,2.12,5.61,0,0,0,100,100,100,100,0,0,0,100,100,100
2025-11-21 10:28:39,13.23,55.7,13.34,42.55,0,2.12,5.61,0,0,0,100,100,100,100,0,0,0,100,100,100
2025-11-21 10:29:10,13.23,55.7,13.34,42.55,0,2.12,5.61,0,0,0,100,100,100,100,0,0,0,100,100,100
2025-11-21 10:29:41,13.23,55.7,13.34,42.55,0,2.12,5.61,0,0,0,100,100,100,100,0,0,0,100,100,100
2025-11-21 10:30:12,13.23,55.7,13.34,42.55,0,2.12,5.61,0,0,0,100,100,100,100,0,0,0,100,100,100
2025-11-21 10:30:43,13.23,55.7,13.34,42.55,0,2.12,5.61,0,0,0,100,100,100,100,0,0,0,100,100,100
2025-11-21 10:31:14,13.23,55.7,13.34,42.55,0,2.12,5.61,0,0,0,100,100,100,100,0,0,0,100,100,100
2025-11-21 10:31:44,13.23,55.7,13.34,42.55,0,2.12,5.61,0,0,0,100,100,100,100,0,0,0,100,100,100
2025-11-21 10:32:15,13.23,55.7,13.34,42.55,0,2.12,5.61,0,0,0,100,100,100,100,0,0,0,100,100,100
2025-11-21 10:32:46,13.23,55.7,13.34,42.55,0,2.12,5.61,0,0,0,100,100,100,100,0,0,0,100,100,100
2025-11-21 10:33:17,13.23,55.7,13.34,42.55,0,2.12,5.61,0,0,0,100,100,100,100,0,0,0,100,100,100
2025-11-21 10:33:48,13.23,55.7,13.34,42.55,0,2.12,5.61,0,0,0,100,100,100,100,0,0,0,100,100,100
2025-11-21 10:34:19,13.23,55.7,13.34,42.55,0,2.12,5.61,0,0,0,100,100,100,100,0,0,0,100,100,100
2025-11-21 10:34:49,13.23,55.7,13.34,42.55,0,2.12,5.61,0,0,0,100,100,100,100,0,0,0,100,100,100
2025-11-21 10:35:20,13.23,55.7,13.34,42.55,0,2.12,5.61,0,0,0,100,100,100,100,0,0,0,100,100,100
2025-11-21 10:35:51,13.23,55.7,13.34,42.55,0,2.12,5.61,0,0,0,100,100,100,100,0,0,0,100,100,100
2025-11-21 10:36:22,13.23,55.7,13.34,42.55,0,2.12,5.61,0,0,0,100,100,100,100,0,0,0,100,100,100
2025-11-21 10:36:53,13.23,55.7,13.34,42.55,0,2.12,5.61,0,0,0,100,100,100,100,0,0,0,100,100,100
2025-11-21 10:37:24,13.23,55.7,13.34,42.55,0,2.12,5.61,0,0,0,100,100,100,100,0,0,0,100,100,100
2025-11-21 10:37:54,13.23,55.7,13.34,42.55,0,2.12,5.61,0,0,0,100,100,100,100,0,0,0,100,100,100
2025-11-21 10:38:25,13.23,55.7,13.34,42.55,0,2.12,5.61,0,0,0,100,100,100,100,0,0,0,100,100,100
2025-11-21 10:38:56,13.23,55.7,13.34,42.55,0,2.12,5.61,0,0,0,100,100,100,100,0,0,0,100,100,100
2025-11-21 10:39:27,13.23,55.7,13.34,42.55,0,2.12,5.61,0,0,0,100,100,100,100,0,0,0,100,100,100
2025-11-21 10:39:58,13.23,55.7,13.34,42.55,0,2.12,5.61,0,0,0,100,100,100,100,0,0,0,100,100,100
2025-11-21 10:40:29,13.23,55.7,13.34,42.55,0,2.12,5.61,0,0,0,100,100,100,100,0,0,0,100,100,100
2025-11-21 10:41:00,13.23,55.7,13.34,42.55,0,2.12,5.61,0,0,0,100,100,100,100,0,0,0,100,100,100
2025-11-21 10:41:30,13.23,55.7,13.34,42.55,0,2.12,5.61,0,0,0,100,100,100,100,0,0,0,100,100,100
2025-11-21 10:42:01,13.23,55.7,13.34,42.55,0,2.12,5.61,0,0,0,100,100,100,100,0,0,0,100,100,100
2025-11-21 10:42:32,13.23,55.7,13.34,42.55,0,2.12,5.61,0,0,0,100,100,100,100,0,0,0,100,100,100
2025-11-21 10:43:03,13.23,55.7,13.34,42.55,0,2.12,5.61,0,0,0,100,100,100,100,0,0,0,100,100,100
2025-11-21 10:43:34,13.23,55.7,13.34,42.55,0,2.12,5.61,0,0,0,100,100,100,100,0,0,0,100,100,100
2025-11-21 10:44:04,13.23,55.7,13.34,42.55,0,2.12,5.61,0,0,0,100,100,100,100,0,0,0,100,100,100
2025-11-21 10:44:35,13.23,55.7,13.34,42.55,0,2.12,5.61,0,0,0,100,100,100,100,0,0,0,100,100,100
2025-11-21 10:45:06,13.23,55.7,13.34,42.55,0,2.12,5.61,0,0,0,100,100,100,100,0,0,0,100,100,100
2025-11-21 10:45:37,13.23,55.7,13.34,42.55,0,2.12,5.61,0,0,0,100,100,100,100,0,0,0,100,100,100
2025-11-21 10:46:08,13.23,55.7,13.34,42.55,0,2.12,5.61,0,0,0,100,100,100,100,0,0,0,100,100,100
2025-11-21 10:46:38,13.23,55.7,13.34,42.55,0,2.12,5.61,0,0,0,100,100,100,100,0,0,0,100,100,100
2025-11-21 10:47:09,13.23,55.7,13.34,42.55,0,2.12,5.61,0,0,0,100,100,100,100,0,0,0,100,100,100
2025-11-21 10:47:40,13.23,55.7,13.34,42.55,0,2.12,5.61,0,0,0,100,100,100,100,0,0,0,100,100,100
2025-11-21 10:48:11,13.23,55.7,13.34,42.55,0,2.12,5.61,0,0,0,100,100,100,100,0,0,0,100,100,100
2025-11-21 10:48:42,13.23,55.7,13.34,42.55,0,2.12,5.61,0,0,0,100,100,100,100,0,0,0,100,100,100
2025-11-21 10:49:13,13.23,55.7,13.34,42.55,0,2.12,5.61,0,0,0,100,100,100,100,0,0,0,100,100,100
2025-11-21 10:49:43,13.23,55.7,13.34,42.55,0,2.12,5.61,0,0,0,100,100,100,100,0,0,0,100,100,100
2025-11-21 10:50:14,13.23,55.7,13.34,42.55,0,2.12,5.61,0,0,0,100,100,100,100,0,0,0,100,100,100
2025-11-21 10:50:45,13.23,55.7,13.34,42.55,0,2.12,5.61,0,0,0,100,100,100,100,0,0,0,100,100,100
2025-11-21 10:51:16,13.23,55.7,13.34,42.55,0,2.12,5.61,0,0,0,100,100,100,100,0,0,0,100,100,100
2025-11-21 10:51:47,13.23,55.7,13.34,42.55,0,2.12,5.61,0,0,0,100,100,100,100,0,0,0,100,100,100
2025-11-21 10:52:18,13.23,55.7,13.34,42.55,0,2.12,5.61,0,0,0,100,100,100,100,0,0,0,100,100,100
2025-11-21 10:52:48,13.23,55.7,13.34,42.55,0,2.12,5.61,0,0,0,100,100,100,100,0,0,0,100,100,100
2025-11-21 10:53:19,13.23,55.7,13.34,42.55,0,2.12,5.61,0,0,0,100,100,100,100,0,0,0,100,100,100
2025-11-21 10:53:50,13.23,55.7,13.34,42.55,0,2.12,5.61,0,0,0,100,100,100,100,0,0,0,100,100,100
2025-11-21 10:54:21,13.23,55.7,13.34,42.55,0,2.12,5.61,0,0,0,100,100,100,100,0,0,0,100,100,100
2025-11-21 10:54:52,13.23,55.7,13.34,42.55,0,2.12,5.61,0,0,0,100,100,100,100,0,0,0,100,100,100
2025-11-21 10:55:23,13.23,55.7,13.34,42.55,0,2.12,5.61,0,0,0,100,100,100,100,0,0,0,100,100,100
2025-11-21 10:55:53,13.23,55.7,13.34,42.55,0,2.12,5.61,0,0,0,100,100,100,100,0,0,0,100,100,100
2025-11-21 10:56:24,13.23,55.7,13.34,42.55,0,2.12,5.61,0,0,0,100,100,100,100,0,0,0,100,100,100
2025-11-21 10:56:55,13.23,55.7,13.34,42.55,0,2.12,5.61,0,0,0,100,100,100,100,0,0,0,100,100,100
2025-11-21 10:57:26,13.23,55.7,13.34,42.55,0,2.12,5.61,0,0,0,100,100,100,100,0,0,0,100,100,100
2025-11-21 10:57:57,13.23,55.7,13.34,42.55,0,2.12,5.61,0,0,0,100,100,100,100,0,0,0,100,100,100
2025-11-21 10:58:28,13.23,55.7,13.34,42.55,0,2.12,5.61,0,0,0,100,100,100,100,0,0,0,100,100,100
2025-11-21 10:58:59,13.23,55.7,13.34,42.55,0,2.12,5.61,0,0,0,100,100,100,100,0,0,0,100,100,100
2025-11-21 10:59:29,13.23,55.7,13.34,42.55,0,2.12,5.61,0,0,0,100,100,100,100,0,0,0,100,100,100
2025-11-21 11:00:00,13.23,55.7,13.34,42.55,0,2.12,5.61,0,0,0,100,100,100,100,0,0,0,100,100,100
2025-11-21 11:00:31,13.23,55.7,13.34,42.55,0,2.12,5.61,0,0,0,100,100,100,100,0,0,0,100,100,100
2025-11-21 11:01:02,13.23,55.7,13.34,42.55,0,2.12,5.61,0,0,0,100,100,100,100,0,0,0,100,100,100
2025-11-21 11:01:33,13.23,55.7,13.34,42.55,0,2.12,5.61,0,0,0,100,100,100,100,0,0,0,100,100,100
2025-11-21 11:02:04,13.23,55.7,13.34,42.55,0,2.12,5.61,0,0,0,100,100,100,100,0,0,0,100,100,100
2025-11-21 11:02:34,13.23,55.7,13.34,42.55,0,2.12,5.61,0,0,0,100,100,100,100,0,0,0,100,100,100
2025-11-21 11:03:05,13.23,55.7,13.34,42.55,0,2.12,5.61,0,0,0,100,100,100,100,0,0,0,100,100,100
2025-11-21 11:03:36,13.23,55.7,13.34,42.55,0,2.12,5.61,0,0,0,100,100,100,100,0,0,0,100,100,100
2025-11-21 11:04:07,22.09,27,16.37,26.01,54.56,207,5.18,0,0,0,100,100,100,100,0,0,0,100,100,100
2025-11-21 11:04:38,22.06,27.93,16.5,26.09,29.62,164,10.51,0,0,0,100,100,100,100,0,0,0,100,100,100
2025-11-21 11:05:09,21.84,26.39,16.5,25.41,29.69,165,11.93,0,0,0,100,100,100,100,0,0,0,100,100,100
2025-11-21 11:05:40,21.75,25.72,16.5,25.55,29.72,172,10.61,0,0,0,100,100,100,100,0,0,0,100,100,100
2025-11-21 11:06:10,21.59,26.47,16.53,24.88,35.94,193,14.11,0,0,0,100,100,100,100,0,0,0,100,100,100
2025-11-21 11:06:41,21.38,25.75,16.66,24.73,35.75,188,14.38,0,0,0,91,92.21,100,92.56,0,0,0,91,92.28,90.28
2025-11-21 11:07:12,21.34,26.26,16.53,24.33,35.81,181,12.67,0,0,0,79.5,82.34,100,82.34,0,0,0,81,82.38,78.94
2025-11-21 11:07:43,21.37,26,16.53,23.67,35.94,185,21.12,0,0,0,68,72.96,100,72.06,0,0,0,71.5,72.52,66.66
2025-11-21 11:08:14,21.25,25.3,16.56,22.99,35.81,193,14.53,0,0,0,57,62.81,100,61.76,0,0,0,61.5,62.89,55.07
2025-11-21 11:08:44,21.12,26.16,16.44,23.23,42.12,213,14.23,0,0,0,45.5,52.91,100,51.72,0,0,0,51.75,52.77,43.46
2025-11-21 11:09:15,20.88,26.08,16.44,23.19,54.56,274,13.68,0,0,0,34.25,43.03,100,41.22,0,0,0,41.75,43.12,31.69
2025-11-21 11:09:46,20.75,26.13,16.44,23.2,78.44,378,11.05,0,0,0,22.75,33.47,100,30.96,0,0,0,31.88,33.47,20.01
2025-11-21 11:10:17,20.69,27.78,16.44,23.59,96.94,420,13.86,0,0,0,11.44,23.73,100,20.79,0,0,0,22,23.46,8.28
2025-11-21 11:10:48,20.56,27.7,16.44,23.1,128.25,644,9.92,0,0,0,0.66,13.88,100,10.46,0,0,0,12.19,13.58,0.53
2025-11-21 11:11:18,20.69,27.78,16.44,22.88,164.38,676,13.14,0,0,0,0.68,4.11,100,0.68,0,0,0,2.36,3.77,0.56
2025-11-21 11:11:49,20.81,28.73,16.59,22.34,170.06,720,8.57,0,0,0,0.67,0.56,100,0.67,0,0,0,0.36,0.56,0.56
2025-11-21 11:12:20,21.31,28.41,16.59,22.29,170.62,716,12.55,0,0,0,11.94,10.29,100,7.52,0,0,0,10.19,10.43,12.23
2025-11-21 11:12:51,21.69,27.9,16.81,22.43,170.12,724,7.9,0,0,0,23.38,20.01,100,17.79,0,0,0,20,20.35,23.88
2025-11-21 11:13:21,22.62,26.21,16.88,21.04,170,732,9.89,0,0,0,46,39.65,100,38.32,0,0,0,39.75,39.85,47.41
2025-11-21 11:13:52,22.88,25.65,16.88,20.98,170.5,732,6.08,0,0,0,57.5,49.3,100,48.61,0,0,0,49.5,49.69,59.24
2025-11-21 11:14:23,23,25.93,17,20.8,170.62,728,7.53,0,0,0,68.5,59.23,100,58.91,0,0,0,59.5,59.61,70.57
2025-11-21 11:14:54,23.25,25.71,17.09,21.02,170.12,732,5.52,0,0,0,80,68.86,100,69.39,0,0,0,69,69.46,82.86
2025-11-21 11:15:25,23.91,24.29,17.34,21.3,164.5,724,9.64,0,0,0,91.5,78.72,100,79.19,0,0,0,79,79.34,94.19
2025-11-21 11:15:55,24.41,23.73,17.5,20.66,164.56,696,15.96,0,0,0,100,88,100,89.97,0,0,0,89,89.22,100.03
2025-11-21 11:16:26,24.72,21.3,17.62,20.71,132.12,450,14.92,0,0,0,100,98,100,99.71,0,0,0,99,98.57,100.35
2025-11-21 11:16:57,24.84,21.73,17.5,20.94,60.81,270,19.78,0,0,0,100,100,100,100,0,0,0,100,100,100
2025-11-21 11:17:28,24.97,21.91,17.47,21.09,60.75,268,17.08,0,0,0,100,100,100,100,0,0,0,100,100,100
2025-11-21 11:17:59,24.97,21.03,17.34,21.2,60.81,310,13.78,0,0,0,100,100,100,100,0,0,0,100,100,100
2025-11-21 11:18:30,24.72,21.03,17.09,21.09,78.12,462,20.14,0,0,0,100,100,100,100,0,0,0,100,100,100
2025-11-21 11:19:00,24.59,21.78,16.84,21.29,115.81,692,11.63,0,0,0,100,100,100,100,0,0,0,100,100,100
2025-11-21 11:19:31,24.12,20.07,17.09,21.62,164.94,744,8.39,0,0,0,100,100,100,100,0,0,0,100,100,100
2025-11-21 11:20:02,23.62,20.43,17.47,21.5,128.62,358,14.59,0,0,0,100,100,100,100,0,0,0,100,100,100
2025-11-21 11:20:33,23.62,20.32,17,20.88,164.69,748,15.18,0,0,0,100,100,100,100,0,0,0,100,100,100
2025-11-21 11:21:04,23.62,19.82,17.09,21.27,170.25,728,15.23,0,0,0,100,100,100,100,0,0,0,100,100,100
2025-11-21 11:21:35,23.38,20.43,17.22,21.23,164.19,502,19.01,0,0,0,100,100,100,100,0,0,0,100,100,100
2025-11-21 11:22:05,23.38,20.45,17.34,21.59,90.69,418,17.61,0,0,0,100,100,100,100,0,0,0,100,100,100
2025-11-21 11:22:36,23.5,20.49,17.47,21.38,90.62,296,19.39,0,0,0,100,100,100,100,0,0,0,100,100,100
2025-11-21 11:23:07,23.5,20.45,17.09,21.56,109,576,15.88,0,0,0,100,100,100,100,0,0,0,100,100,100
2025-11-21 11:23:38,23.62,21.08,17.09,21.61,121.81,640,17.42,0,0,0,100,100,100,100,0,0,0,100,100,100
2025-11-21 11:24:09,23.75,20.3,16.97,21.1,157.38,772,16.45,0,0,0,98.5,98.9,100,99.2,0,0,0,97.5,99.44,98.22
2025-11-21 11:24:39,23.62,20.48,17.09,21.05,176.94,732,12.83,0,0,0,87,88.97,100,89.4,0,0,0,88,89,86.34
2025-11-21 11:25:10,23.62,20.42,17.59,21.1,96.69,384,13.84,0,0,0,76,79.06,100,78.62,0,0,0,78,79.61,74.5
2025-11-21 11:25:41,23.62,20.38,17.47,21.6,78,416,10.26,0,0,0,64.5,69.13,100,68.84,0,0,0,68,69.72,62.81
2025-11-21 11:26:12,23.72,21.14,17.59,21.48,84.38,284,12.87,0,0,0,53,59.72,100,58.26,0,0,0,58.25,59.84,51.01
2025-11-21 11:26:43,23.88,20.77,17.59,21.52,65.5,264,14.31,0,0,0,41.75,49.54,100,48.19,0,0,0,48.25,49.91,39.41
2025-11-21 11:27:14,23.88,21.09,17.34,21.22,65.5,262,8.51,0,0,0,30.25,39.99,100,37.62,0,0,0,38.5,40.04,27.66
2025-11-21 11:27:44,24,21.02,17.09,21.63,65.5,256,7.93,0,0,0,18.88,30.11,100,27.46,0,0,0,28.62,30.13,15.9
2025-11-21 11:28:15,24,20.77,17.09,22.02,60.75,262,5.25,0,0,0,7.53,20.27,100,17.17,0,0,0,18.62,20.33,4.18
2025-11-21 11:28:46,24.22,21.2,17.19,22.49,65.75,256,5.3,0,0,0,0.68,10.45,100,6.87,0,0,0,8.81,10.46,0.6
2025-11-21 11:29:17,24.34,21.45,17.19,22.46,65.5,258,6.95,0,0,0,0.67,0.67,100,0.68,0,0,0,0.36,0.66,0.57
2025-11-21 11:29:47,24.34,21.36,17.19,22.4,65.62,256,8.55,0,0,0,3.97,3.4,100,0.68,0,0,0,3.28,3.58,3.94
2025-11-21 11:30:18,24.22,21.32,17.19,22.49,65.88,256,4.93,0,0,0,15.38,13.14,100,10.53,0,0,0,13.12,13.42,15.69
2025-11-21 11:30:49,24.22,21.98,17.19,22.73,65.88,262,5.79,0,0,0,26.75,22.88,100,20.78,0,0,0,23,23.18,27.59
2025-11-21 11:31:20,24.22,21.94,17.31,22.92,65.88,264,9.46,0,0,0,27.25,29.88,100,28.16,0,0,0,30,31.93,30.11
2025-11-21 11:31:51,24.47,21.12,17.09,21.62,65.75,268,14.01,0,0,0,30.5,34.41,100,31.1,0,0,0,34.5,36.38,33.72
2025-11-21 11:32:21,24.38,20.75,16.97,21.49,71.5,278,9.39,0,0,0,43,48.36,100,45.92,0,0,0,48.5,51.45,46.29
2025-11-21 11:32:52,24.12,21.03,17.09,21.85,78.12,284,9.11,0,0,0,49.5,54.19,100,51.81,0,0,0,54.25,57.21,53.03
2025-11-21 11:33:23,24.09,21.55,17.22,21.83,71.75,280,2.78,0,0,0,53.75,61.23,100,59.05,0,0,0,61.25,64.41,59.5
2025-11-21 11:33:54,24.22,21.93,17.22,22.16,71.62,286,7.3,0,0,0,57,64.46,100,62.36,0,0,0,64.5,67.16,63.63
2025-11-21 11:34:25,24.22,21.89,17.22,22.3,71.88,286,12.33,0,0,0,60.5,68.95,100,67.36,0,0,0,69,71.91,66.91
2025-11-21 11:34:56,24.34,21.05,17.19,22.61,71.75,278,7.08,0,0,0,64,73.16,100,72.43,0,0,0,74,76.52,70.56
2025-11-21 11:35:26,24.34,21.49,17.22,22.24,71.75,272,13,0,0,0,67,76.41,100,75.29,0,0,0,76.5,79.86,73.79
2025-11-21 11:35:57,24.12,20.89,17.19,22.73,65.62,260,9.53,0,0,0,67,76.41,100,75.29,0,0,0,76.5,79.86,73.79
2025-11-21 11:36:28,23.84,22.25,17.19,22.45,65.88,251,8.49,0,0,0,69,79.39,100,78.22,0,0,0,79.5,82.82,75.72
2025-11-21 11:36:59,23.47,22.25,17.19,23.1,71.5,247,11.13,0,0,0,69,79.39,100,78.24,0,0,0,79.5,82.82,75.74
2025-11-21 11:37:30,23.19,22.75,17.31,22.49,65.75,243,14.34,0,0,0,72.5,83.33,100,82.95,0,0,0,83.5,86.96,79.4
2025-11-21 11:38:00,22.97,22.36,17.22,22,60.88,238,13.33,0,0,0,72.5,83.83,100,83.47,0,0,0,84.5,87.01,79.42
2025-11-21 11:38:31,22.84,22.23,17.06,22.41,60.75,233,12.38,0,0,0,74.5,85.72,100,84.71,0,0,0,86,90.21,81.35
2025-11-21 11:39:01,22.59,21.86,17.09,21.96,60.94,229,16.22,0,0,0,74.5,85.74,100,85.21,0,0,0,86,90.18,81.35
2025-11-21 11:39:32,22.59,21.48,16.97,21.84,60.81,233,11.63,0,0,0,76.5,87.25,100,86.84,0,0,0,87.5,92.41,83.5
2025-11-21 11:40:03,22.72,21.5,16.97,22.07,60.94,230,9.68,0,0,0,76.5,87.27,100,86.86,0,0,0,87.5,91.88,83.98
2025-11-21 11:40:34,22.72,22.23,17.09,22.36,60.75,230,10.42,0,0,0,79.5,89.54,100,89.3,0,0,0,90,94.89,86
2025-11-21 11:41:05,22.31,22.65,16.97,22.36,60.75,227,5.19,0,0,0,80,90.14,100,89.81,0,0,0,90.5,94.84,87.41
2025-11-21 11:41:35,22.06,22.72,16.84,22.17,60.94,224,5.3,0,0,0,82.5,92.93,100,92.22,0,0,0,93,97.27,89.92
2025-11-21 11:42:06,22.06,23.35,16.81,22.46,60.81,223,2.47,0,0,0,83,93.41,100,92.57,0,0,0,93.5,97.71,90.33
2025-11-21 11:42:37,22.06,23.28,16.97,22.26,60.81,221,4.87,0,0,0,84.5,93.86,100,93.91,0,0,0,94.5,98.52,91.11
2025-11-21 11:43:08,22.03,24.2,17.09,22.32,60.75,223,6.92,0,0,0,88.5,96.54,100,96.85,0,0,0,97,100.42,94.5
2025-11-21 11:43:39,21.78,23.91,17.06,22.68,60.75,227,9.3,0,0,0,90,98.38,100,97.5,0,0,0,98.5,100.09,96
2025-11-21 11:44:09,22.06,23.16,17.06,22.71,60.75,226,7.13,0,0,0,92,99.89,100,99.53,0,0,0,100,100,98
2025-11-21 11:44:40,22.06,22.6,17.09,22.22,60.88,230,7.03,0,0,0,96,100.32,100,100,0,0,0,100,100,100
2025-11-21 11:45:11,22.06,22.74,16.84,21.8,60.81,233,2.72,0,0,0,97,100.01,100,100,0,0,0,100,100,100
2025-11-21 11:45:42,22.06,22.9,16.72,22.35,60.81,233,4.4,0,0,0,98,100.26,100,100,0,0,0,100,100,100
2025-11-21 11:46:13,22.06,22.72,16.72,21.65,60.81,236,2.82,0,0,0,98.5,100.31,100,100,0,0,0,100,100,100
2025-11-21 11:46:44,22.06,22.86,16.72,22.37,60.81,233,1.85,0,0,0,100,100,100,100,0,0,0,100,100,100
2025-11-21 11:47:14,21.81,23.15,16.81,22.44,60.75,229,1.11,0,0,0,100,100,100,100,0,0,0,100,100,100
2025-11-21 11:47:45,21.56,22.72,17.34,21.84,60.94,228,4.82,0,0,0,100,100,100,100,0,0,0,100,100,100
2025-11-21 11:48:16,21.44,22.46,17.22,21.45,60.75,226,6.27,0,0,0,100,100,100,100,0,0,0,100,100,100
2025-11-21 11:48:47,21.34,22.19,17.09,21.95,60.81,228,5.44,0,0,0,100,100,100,100,0,0,0,100,100,100
2025-11-21 11:49:18,21.22,21.69,17.09,21.44,60.81,228,6.12,0,0,0,100,100,100,100,0,0,0,100,100,100
2025-11-21 11:49:49,20.97,22.1,17.22,21.7,60.88,228,7.99,0,0,0,100,100,100,100,0,0,0,100,100,100
2025-11-21 11:50:19,21.09,22.29,17.12,20.98,60.75,226,11.32,0,0,0,100,100,100,100,0,0,0,100,100,100
2025-11-21 11:50:50,21.09,21.97,17.22,21,60.81,229,9.43,0,0,0,100,100,100,100,0,0,0,100,100,100
2025-11-21 11:51:20,20.97,21.79,17.22,21.45,60.88,227,14.13,0,0,0,100,100,100,100,0,0,0,100,100,100
2025-11-21 11:51:51,20.97,21.23,17.12,21.06,60.88,227,12.49,0,0,0,100,100,100,100,0,0,0,100,100,100
2025-11-21 11:52:22,20.84,21.29,17.12,20.66,60.88,228,8.88,0,0,0,100,100,100,100,0,0,0,100,100,100
2025-11-21 11:52:53,20.97,22.03,17.12,20.39,60.75,229,11.19,0,0,0,100,100,100,100,0,0,0,100,100,100
2025-11-21 11:53:23,21.09,22.23,17.12,20.78,60.94,236,6.57,0,0,0,100,100,100,100,0,0,0,100,100,100
2025-11-21 11:53:54,20.94,22.46,17.12,20.62,65.75,264,9.62,0,0,0,100,100,100,100,0,0,0,100,100,100
2025-11-21 11:54:25,20.97,22.05,17.12,20.73,71.88,340,7.46,0,0,0,100,100,100,100,0,0,0,100,100,100
2025-11-21 11:54:56,20.97,22.15,17.12,21.05,78.12,288,14.68,0,0,0,100,100,100,100,0,0,0,100,100,100
2025-11-21 11:55:26,21.09,21.94,17.25,21.07,65.75,254,15.06,0,0,0,100,100,100,100,0,0,0,100,100,100
2025-11-21 11:55:57,21.34,21.54,17.25,20.76,65.75,254,12.33,0,0,0,100,100,100,100,0,0,0,100,100,100
2025-11-21 11:56:28,21.34,21.38,17.25,21.06,65.88,248,16.99,0,0,0,100,100,100,100,0,0,0,100,100,100
2025-11-21 11:56:59,21.59,21.01,17.12,20.82,60.94,246,11.92,0,0,0,100,100,100,100,0,0,0,100,100,100
2025-11-21 11:57:30,21.59,21.27,17.22,21.04,60.81,244,6.81,0,0,0,100,100,100,100,0,0,0,100,100,100
2025-11-21 11:58:00,21.47,21.3,17.25,21.04,78.12,282,10.4,0,0,0,100,100,100,100,0,0,0,100,100,100
2025-11-21 11:58:31,21.34,21.47,17.25,20.91,78.25,276,15.49,0,0,0,100,100,100,100,0,0,0,100,100,100
2025-11-21 11:59:02,21.09,22.05,17.19,22.54,65.5,486,15.41,0,0,0,100,100,100,100,0,0,0,100,100,100
2025-11-21 11:59:33,21.22,21.51,17,20.52,139.75,362,14.3,0,0,0,100,100,100,100,0,0,0,100,100,100
2025-11-21 12:00:04,21.59,21.85,17.12,20.64,60.81,230,14.5,0,0,0,100,100,100,100,0,0,0,100,100,100
2025-11-21 12:00:34,21.84,21.5,17.25,20.46,60.88,221,11.11,0,0,0,100,100,100,100,0,0,0,100,100,100
2025-11-21 12:01:05,21.75,21.08,17.12,20.52,54.5,222,6.3,0,0,0,100,100,100,100,0,0,0,100,100,100
2025-11-21 12:01:36,21.75,20.49,17.12,20.38,60.88,222,6.28,0,0,0,100,100,100,100,0,0,0,100,100,100
2025-11-21 12:02:07,21.72,21.74,17.12,20.91,60.75,227,5.94,0,0,0,100,100,100,100,0,0,0,100,100,100
2025-11-21 12:02:37,21.59,21.61,17.25,21.09,60.88,236,8.95,0,0,0,100,100,100,100,0,0,0,100,100,100
2025-11-21 12:03:08,21.72,21.23,17.25,20.38,60.88,236,10.97,0,0,0,100,100,100,100,0,0,0,100,100,100
2025-11-21 12:03:39,21.75,21.1,17.12,20.59,65.75,236,11.71,0,0,0,100,100,100,100,0,0,0,100,100,100
2025-11-21 12:04:10,21.84,21.46,17.12,20.84,65.75,233,9.27,0,0,0,100,100,100,100,0,0,0,100,100,100
2025-11-21 12:04:41,22,21.07,17.22,21.23,65.5,239,7.26,0,0,0,100,100,100,100,0,0,0,100,100,100
2025-11-21 12:05:11,22,20.95,17.25,20.95,65.88,237,8.69,0,0,0,100,100,100,100,0,0,0,100,100,100
2025-11-21 12:05:42,21.84,21.71,17.25,20.77,65.62,235,7.81,0,0,0,100,100,100,100,0,0,0,100,100,100
2025-11-21 12:06:13,21.84,22.21,17.12,20.7,65.62,238,5.24,0,0,0,100,100,100,100,0,0,0,100,100,100
2025-11-21 12:06:44,21.84,21.91,17.12,20.91,65.62,234,3.28,0,0,0,100,100,100,100,0,0,0,100,100,100
2025-11-21 12:07:15,21.84,22.16,17.25,20.74,65.88,234,2.59,0,0,0,100,100,100,100,0,0,0,100,100,100
2025-11-21 12:07:46,21.81,22.46,17.25,20.82,65.88,231,4.01,0,0,0,100,100,100,100,0,0,0,100,100,100
2025-11-21 12:08:16,21.81,23,17.25,20.49,60.88,233,3.15,0,0,0,100,100,100,100,0,0,0,100,100,100
2025-11-21 12:08:47,21.81,22.66,17.12,20.51,65.75,235,3.79,0,0,0,100,100,100,100,0,0,0,100,100,100
2025-11-21 12:09:18,21.81,22.95,17.16,19.62,65.88,243,2.43,0,0,0,100,100,100,100,0,0,0,100,100,100
2025-11-21 12:09:49,22.06,22.55,17.16,19.38,65.75,322,6.07,0,0,0,100,100,100,100,0,0,0,100,100,100
2025-11-21 12:10:20,22.09,22.18,17.16,19.65,71.88,256,3.5,0,0,0,100,100,100,100,0,0,0,100,100,100
2025-11-21 12:10:51,21.84,22.34,17.12,19.82,71.62,256,2.31,0,0,0,100,100,100,100,0,0,0,100,100,100
2025-11-21 12:11:22,22.06,22.51,17,20.23,71.75,262,3.26,0,0,0,100,100,100,100,0,0,0,100,100,100
2025-11-21 12:11:53,22.31,23.39,17,19.95,71.88,262,3.88,0,0,0,100,100,100,100,0,0,0,100,100,100
2025-11-21 12:12:24,22.31,23.41,16.88,19.93,71.88,262,3.4,0,0,0,100,100,100,100,0,0,0,100,100,100
2025-11-21 12:12:54,22.56,23.04,16.88,20.41,71.62,262,2.24,0,0,0,100,100,100,100,0,0,0,100,100,100
2025-11-21 12:13:25,22.69,23.31,17,20.44,71.62,266,3.66,0,0,0,100,100,100,100,0,0,0,100,100,100
2025-11-21 12:13:56,22.56,23.41,17,20.77,71.88,270,2.69,0,0,0,100,100,100,100,0,0,0,100,100,100
2025-11-21 12:14:27,22.56,23.54,17.12,20.8,78.38,280,3.19,0,0,0,100,100,100,100,0,0,0,100,100,100
2025-11-21 12:14:58,22.69,23.39,17.12,20.05,78,292,3.15,0,0,0,100,100,100,100,0,0,0,100,100,100
2025-11-21 12:15:29,22.94,23.5,17.16,19.67,84.06,360,3.18,0,0,0,100,100,100,100,0,0,0,100,100,100
2025-11-21 12:16:00,23.03,23.66,17.12,19.91,90.75,308,3.18,0,0,0,100,100,100,100,0,0,0,100,100,100
2025-11-21 12:16:31,23.19,23.21,17.03,19.22,109.12,316,2.24,0,0,0,100,100,100,100,0,0,0,100,100,100
2025-11-21 12:17:02,23.19,23.13,17.16,19.68,84.12,298,1.76,0,0,0,100,100,100,100,0,0,0,100,100,100
2025-11-21 12:17:33,23.22,21.95,17.12,19.96,84.06,304,2.04,0,0,0,100,100,100,100,0,0,0,100,100,100
2025-11-21 12:18:04,23.19,23.2,17.25,19.81,84.38,312,2.04,0,0,0,100,100,100,100,0,0,0,100,100,100
2025-11-21 12:18:34,23.19,23.2,17.16,19.52,128.62,580,0.66,0,0,0,100,100,100,100,0,0,0,100,100,100
2025-11-21 12:19:05,23.19,23.37,17.03,19.26,115.56,398,0,0,0,0,100,100,100,100,0,0,0,100,100,100
2025-11-21 12:19:36,23.31,23.24,17.03,19.6,90.94,324,2.71,0,0,0,100,100,100,100,0,0,0,100,100,100
2025-11-21 12:20:07,23.59,21.87,17.28,19.41,90.56,326,0.2,0,0,0,100,100,100,100,0,0,0,100,100,100
2025-11-21 12:20:38,23.5,20.7,17.41,19.57,121.5,402,0,0,0,0,100,100,100,100,0,0,0,100,100,100
2025-11-21 12:21:09,23.53,19.52,17.62,19.91,90.5,316,1.42,0,0,0,100,100,100,100,0,0,0,100,100,100
2025-11-21 12:21:39,23.62,19.93,17.75,20.54,90.94,320,3.53,0,0,0,100,100,100,100,0,0,0,100,100,100
2025-11-21 12:22:10,23.53,19.2,17.41,19.04,90.69,328,3.26,0,0,0,100,100,100,100,0,0,0,100,100,100
2025-11-21 12:22:41,23.16,18.64,17.16,19.13,90.69,332,2.82,0,0,0,100,100,100,100,0,0,0,100,100,100
2025-11-21 12:23:12,23,20.32,17.25,19.8,90.62,336,2.28,0,0,0,100,100,100,100,0,0,0,100,100,100
2025-11-21 12:23:43,23.12,20.54,17.38,19.95,90.75,336,1.08,0,0,0,100,100,100,100,0,0,0,100,100,100
2025-11-21 12:24:14,23,20.39,17.38,20.99,90.75,338,1.11,0,0,0,100,100,100,100,0,0,0,100,100,100
2025-11-21 12:24:45,22.88,20.96,17.47,21.05,90.94,336,0.13,0,0,0,100,100,100,100,0,0,0,100,100,100
2025-11-21 12:25:16,22.62,20.51,17.47,21.82,96.62,388,4.08,0,0,0,100,100,100,100,0,0,0,100,100,100
2025-11-21 12:25:46,22.62,21.05,17.47,21.9,103,376,2.88,0,0,0,100,100,100,100,0,0,0,100,100,100
2025-11-21 12:26:17,22.72,21.63,17.47,22.02,189,716,3.31,0,0,0,100,100,100,100,0,0,0,100,100,100
2025-11-21 12:26:48,22.97,21.99,17.34,21.81,182.38,756,1.43,0,0,0,100,100,100,100,0,0,0,100,100,100
2025-11-21 12:27:19,23.22,22.13,17.34,21.91,145.12,724,2.71,0,0,0,100,100,100,100,0,0,0,100,100,100
2025-11-21 12:27:49,23.72,21.65,17.69,23.23,109.31,466,4.77,0,0,0,100,100,100,100,0,0,0,100,100,100
2025-11-21 12:28:20,23.97,21,17.69,22.48,115.5,440,5.7,0,0,0,100,100,100,100,0,0,0,100,100,100
2025-11-21 12:28:51,24,20.5,17.66,23.72,103.44,392,4.1,0,0,0,100,100,100,100,0,0,0,100,100,100
2025-11-21 12:29:22,24.38,20.63,17.69,23.14,84.06,308,3.24,0,0,0,100,100,100,100,0,0,0,100,100,100
2025-11-21 12:29:53,24.62,20.19,17.94,23.29,78.12,290,5.6,0,0,0,100,100,100,100,0,0,0,100,100,100
2025-11-21 12:30:23,24.38,20.34,17.94,23.09,71.75,276,6.14,0,0,0,100,100,100,100,0,0,0,100,100,100
2025-11-21 12:30:54,23.88,21.07,17.81,23.28,71.62,268,7.44,0,0,0,100,100,100,100,0,0,0,100,100,100
2025-11-21 12:31:25,23.75,20.63,17.69,23.41,71.88,266,6.75,0,0,0,100,100,100,100,0,0,0,100,100,100
2025-11-21 12:31:56,23.38,20.8,17.53,24.16,71.88,290,6.77,0,0,0,100,100,100,100,0,0,0,100,100,100
2025-11-21 12:32:26,23.47,21.34,17.66,24.58,103.12,370,5.16,0,0,0,100,100,100,100,0,0,0,100,100,100
2025-11-21 12:32:57,23.72,21.73,17.88,25.79,78,272,4.18,0,0,0,100,100,100,100,0,0,0,100,100,100
2025-11-21 12:33:28,23.59,22.1,18,26.13,71.88,258,4.77,0,0,0,100,100,100,100,0,0,0,100,100,100
2025-11-21 12:33:59,23.31,22.81,17.84,26.26,65.5,258,5.95,0,0,0,100,100,100,100,0,0,0,100,100,100
2025-11-21 12:34:30,23.19,22.6,17.84,26.76,65.75,244,6.7,0,0,0,100,100,100,100,0,0,0,100,100,100
2025-11-21 12:35:00,22.81,22.98,17.72,26.99,60.81,234,7.23,0,0,0,100,100,100,100,0,0,0,100,100,100
2025-11-21 12:35:31,22.31,23.12,17.72,27.06,60.94,229,9.93,0,0,0,100,100,100,100,0,0,0,100,100,100
2025-11-21 12:36:02,22.06,23.3,17.59,26.57,54.5,221,8.33,0,0,0,100,100,100,100,0,0,0,100,100,100
2025-11-21 12:36:33,21.81,22.62,17.47,26.67,54.62,213,5.66,0,0,0,100,100,100,100,0,0,0,100,100,100
2025-11-21 12:37:03,21.41,23.86,17.47,26.41,54.69,205,3.78,0,0,0,100,100,100,100,0,0,0,100,100,100
2025-11-21 12:37:34,21.03,24.95,17.25,25.25,48.25,195,4.29,0,0,0,100,100,100,100,0,0,0,100,100,100
2025-11-21 12:38:05,21.16,24.07,17.12,25.52,48.25,189,3.96,0,0,0,100,100,100,100,0,0,0,100,100,100
2025-11-21 12:38:36,21.16,23.81,17.25,26.08,48.44,181,2.78,0,0,0,100,100,100,100,0,0,0,100,100,100
2025-11-21 12:39:07,21.28,24.19,17.34,26.77,42,176,0.45,0,0,0,100,100,100,100,0,0,0,100,100,100
2025-11-21 12:39:37,21.16,24.29,17.37,26.22,42.12,172,0.2,0,0,0,100,100,100,100,0,0,0,100,100,100
2025-11-21 12:40:08,21.25,25.32,17.25,25.88,42,167,0.82,0,0,0,100,100,100,100,0,0,0,100,100,100
2025-11-21 12:40:39,21.38,25.67,17.25,25.88,42.19,165,0.05,0,0,0,100,100,100,100,0,0,0,100,100,100
2025-11-21 12:41:10,21.62,26.05,17.38,26.12,35.81,162,0,0,0,0,100,100,100,100,0,0,0,100,100,100
2025-11-21 12:41:40,21.87,26.16,17.62,26.1,35.81,157,0.26,0,0,0,100,100,100,100,0,0,0,100,100,100
2025-11-21 12:42:11,21.84,26.82,17.38,25.78,35.81,159,0,0,0,0,100,100,100,100,0,0,0,100,100,100
2025-11-21 12:42:42,21.72,26.95,17.25,25.55,35.94,157,0,0,0,0,100,100,100,100,0,0,0,100,100,100
2025-11-21 12:43:13,21.72,27.32,17.25,25.59,42.06,157,0,0,0,0,100,100,100,100,0,0,0,100,100,100
2025-11-21 12:43:44,21.84,27.24,17.25,25.12,35.88,153,0,0,0,0,100,100,100,100,0,0,0,100,100,100
2025-11-21 12:44:14,21.81,28.6,17.25,25.25,35.88,153,1.91,0,0,0,100,100,100,100,0,0,0,100,100,100
2025-11-21 12:44:45,21.78,29.1,17.5,25.81,35.75,155,0.47,0,0,0,100,100,100,100,0,0,0,100,100,100
2025-11-21 12:45:16,21.69,28.97,17.66,24.81,35.75,156,0.7,0,0,0,100,100,100,100,0,0,0,100,100,100
2025-11-21 12:45:47,21.81,28.72,17.53,24.71,42.06,162,0.78,0,0,0,100,100,100,100,0,0,0,100,100,100
2025-11-21 12:46:18,22.06,28.38,17.53,24.26,42.06,160,1,0,0,0,100,100,100,100,0,0,0,100,100,100
2025-11-21 12:46:48,22.06,28.6,17.53,24.22,42.06,165,0,0,0,0,100,100,100,100,0,0,0,100,100,100
2025-11-21 12:47:19,22.03,29.21,17.53,24.77,42.19,169,0,0,0,0,100,100,100,100,0,0,0,100,100,100
2025-11-21 12:47:50,21.81,28.99,17.53,23.82,42.06,168,0.43,0,0,0,100,100,100,100,0,0,0,100,100,100
2025-11-21 12:48:21,21.66,29.49,17.5,25.2,42.06,168,1.82,0,0,0,100,100,100,100,0,0,0,100,100,100
2025-11-21 12:48:51,22.06,28.11,17.25,25.41,42.19,170,1.1,0,0,0,100,100,100,100,0,0,0,100,100,100
2025-11-21 12:49:22,22.09,27.23,17.59,26.46,42.19,169,2.05,0,0,0,100,100,100,100,0,0,0,100,100,100
2025-11-21 12:49:53,21.84,27.36,17.72,26.5,42.06,172,1.82,0,0,0,99.5,100.14,100,100,0,0,0,100,100,100
2025-11-21 12:50:24,21.56,28.32,17.72,26.81,42.12,178,1.16,0,0,0,98.5,100.44,100,100,0,0,0,100,100,100
2025-11-21 12:50:54,21.56,28.4,17.56,28.23,42.12,184,1.16,0,0,0,98,100.38,100,100,0,0,0,100,100,100
2025-11-21 12:51:25,21.81,28.25,17.38,25.75,42.12,188,2.22,0,0,0,98,100.36,100,100,0,0,0,100,100,100
2025-11-21 12:51:56,22.06,27.77,17.37,26.11,48.25,186,1.3,0,0,0,98,100.38,100,100,0,0,0,100,100,100
2025-11-21 12:52:27,22.09,27.35,17.37,26.16,48.31,190,1.1,0,0,0,98,100.38,100,100,0,0,0,100,100,100
2025-11-21 12:52:58,22.09,27.11,17.59,26.91,48.31,193,0.66,0,0,0,97.5,99.68,100,100.31,0,0,0,100,100,100
2025-11-21 12:53:28,22.09,26.45,17.72,26.84,48.44,195,0.4,0,0,0,96.5,99.4,100,100.11,0,0,0,99.5,100.49,100
2025-11-21 12:53:59,22.09,26.48,17.72,26.72,48.31,197,0.2,0,0,0,96.5,99.41,100,100.14,0,0,0,99,100.49,100
2025-11-21 12:54:30,22.09,26.97,17.47,26.78,54.56,199,4.4,0,0,0,96.5,99.41,100,100.11,0,0,0,99,100.49,100
2025-11-21 12:55:01,22.09,27.54,17.47,27.47,54.62,205,4.93,0,0,0,96,98.15,100,99.93,0,0,0,98.5,100.29,100
2025-11-21 12:55:31,22.09,27.48,17.56,28.42,54.5,205,2.35,0,0,0,96,98.14,100,99.93,0,0,0,98.5,100.29,100
2025-11-21 12:56:02,21.84,27.33,17.59,27.5,54.62,211,1.81,0,0,0,96.5,98.23,100,100.43,0,0,0,99,100.31,100
2025-11-21 12:56:33,21.84,27.4,17.56,28.43,54.5,215,2.04,0,0,0,96,98.14,100,99.93,0,0,0,98.5,100.37,100
2025-11-21 12:57:04,21.81,28.39,17.56,28.2,54.69,218,1.11,0,0,0,96,98.15,100,99.93,0,0,0,98.5,100.37,100
2025-11-21 12:57:34,21.81,28.8,17.53,29.33,54.69,224,3.85,0,0,0,95,98.45,100,99.43,0,0,0,98,100.3,100
2025-11-21 12:58:05,21.81,28.52,17.44,28.33,60.81,235,4.99,0,0,0,95,98.43,100,99.43,0,0,0,98,100.3,100
2025-11-21 12:58:36,21.81,28.81,17.22,27.25,65.62,254,2.98,0,0,0,95,98.43,100,99.41,0,0,0,98,100.29,100
2025-11-21 12:59:07,21.81,28.15,17.22,27.06,71.62,288,2.79,0,0,0,95,98.45,100,99.41,0,0,0,98,100.29,100
2025-11-21 12:59:38,21.84,27.36,16.94,27.83,121.81,748,2.77,0,0,0,95,98.46,100,99.41,0,0,0,98,100.3,100
2025-11-21 13:00:08,22.06,27.64,17.16,29.16,170.62,516,2.6,0,0,0,94.62,97.74,100,98.36,0,0,0,97.5,100.16,100
2025-11-21 13:00:39,22.31,27.8,17.28,29.97,157.12,668,4.22,0,0,0,95,98.38,100,98.85,0,0,0,98,100.22,100
2025-11-21 13:01:10,22.84,27.4,17.31,28.7,90.62,532,4.43,0,0,0,96,98.51,100,99.43,0,0,0,98.5,100.17,100
2025-11-21 13:01:41,23.09,27.57,17.19,28.37,164.62,772,2.28,0,0,0,96.5,99.16,100,100.42,0,0,0,99,100.26,100
2025-11-21 13:02:12,23.06,27.92,17.44,28.97,84,322,3.15,0,0,0,96.5,99.16,100,100.43,0,0,0,99,100.25,100
2025-11-21 13:02:42,23.19,28.64,17.31,28.84,128.5,692,4.5,0,0,0,96.5,99.16,100,100.45,0,0,0,99,100.25,100
2025-11-21 13:03:13,23.56,27.91,17.44,28.83,182.88,716,3.36,0,0,0,96.5,99.17,100,100.45,0,0,0,99,100.25,100
2025-11-21 13:03:44,23.97,27.41,17.69,28.59,78.25,282,3.81,0,0,0,96.5,99.16,100,100.45,0,0,0,99,100.25,100
2025-11-21 13:04:15,24.38,26.04,17.66,30.16,60.81,242,5.01,0,0,0,96.5,99.14,100,100.45,0,0,0,99,100.25,100
2025-11-21 13:04:46,24.25,25.09,17.66,29.66,60.81,254,5.54,0,0,0,96.5,99.16,100,100.43,0,0,0,99,100.25,100
2025-11-21 13:05:16,24.12,25.84,17.41,30.06,115.94,418,2.72,0,0,0,97,99.68,100,100.38,0,0,0,99.5,100.21,100
2025-11-21 13:05:47,24.25,26.22,17.38,30.45,60.94,239,5.98,0,0,0,97.5,100.19,100,100,0,0,0,100,100,100
2025-11-21 13:06:18,24.5,26.09,17.5,30.99,60.75,242,6.77,0,0,0,98,100.44,100,100,0,0,0,100,100,100
2025-11-21 13:06:49,24.09,26.31,17.41,29.52,60.75,245,8.78,0,0,0,99,100.01,100,100,0,0,0,100,100,100
2025-11-21 13:07:20,23.59,26.92,17.25,30.52,60.75,247,5.89,0,0,0,99,100.04,100,100,0,0,0,100,100,100
2025-11-21 13:07:50,23.97,27.06,17.41,30.12,60.88,246,4.33,0,0,0,98.5,100.49,100,100,0,0,0,100,100,100
2025-11-21 13:08:21,23.84,26.42,17.38,30.79,60.88,255,9.08,0,0,0,99.5,100.03,100,100,0,0,0,100,100,100
2025-11-21 13:08:52,23.31,27.89,17.25,30.3,65.62,258,7.97,0,0,0,100,100,100,100,0,0,0,100,100,100
2025-11-21 13:09:23,23.19,27.83,17.34,31.69,65.75,282,6.86,0,0,0,100,100,100,100,0,0,0,100,100,100
2025-11-21 13:09:54,23.19,27.91,17.38,31,109.19,406,6.96,0,0,0,100,100,100,100,0,0,0,100,100,100
2025-11-21 13:10:24,22.94,28.26,17.38,30.77,103.06,410,7.14,0,0,0,100,100,100,100,0,0,0,100,100,95
2025-11-21 13:10:55,22.84,27.46,17.25,30.3,78,560,8.08,0,0,0,100,100,100,100,0,0,0,100,100,95.5
2025-11-21 13:11:26,23.06,28.34,17.03,29.91,182,748,4.94,0,0,0,100,100,100,100,0,0,0,100,100,95.5
2025-11-21 13:11:57,23.06,27.76,17,30.9,182.62,736,3.98,0,0,0,100,100,100,100,0,0,0,100,100,95.5
2025-11-21 13:12:27,23.19,27.73,17.28,29.9,182.12,736,7.58,0,0,0,100,100,100,100,0,0,0,100,100,95.5
2025-11-21 13:12:58,23.47,27.48,17.28,30.18,182.88,740,6.73,0,0,0,100,100,100,100,0,0,0,100,100,96.5
2025-11-21 13:13:29,23.81,27.78,17.78,30.23,109.12,256,7.15,0,0,0,100,100,100,100,0,0,0,100,100,96.5
2025-11-21 13:14:00,23.97,27.49,17.28,30.21,176.75,716,5.96,0,0,0,100,100,100,100,0,0,0,100,100,93.5
2025-11-21 13:14:31,24.22,27.58,17.47,31.54,182.25,728,6.35,0,0,0,100,100,100,100,0,0,0,100,100,93.5
2025-11-21 13:15:02,24.84,26.45,17.88,30.48,84.38,274,5.52,0,0,0,100,100,100,100,0,0,0,100,100,94
2025-11-21 13:15:33,25,26.11,17.91,29.02,103.38,452,5.99,0,0,0,100,100,100,100,0,0,0,100,100,95
2025-11-21 13:16:03,25,25.84,17.91,30.09,60.94,258,3.3,0,0,0,100,100,100,100,0,0,0,100,100,95.5
2025-11-21 13:16:34,25,25,17.91,29.94,121.81,402,3.7,0,0,0,100,100,100,100,0,0,0,100,100,95.5
2025-11-21 13:17:05,24.78,24.62,17.91,29.88,128.75,500,5.37,0,0,0,100,100,100,100,0,0,0,100,100,99
2025-11-21 13:17:36,24.5,25.61,17.41,29.35,182.75,744,5.46,0,0,0,100,100,100,100,0,0,0,100,100,99.5
2025-11-21 13:18:07,24.62,26,17.28,29.66,200.12,732,7.81,0,0,0,100,100,100,100,0,0,0,100,100,100
2025-11-21 13:18:38,24.91,24.86,17.25,31.04,206.62,704,8.94,0,0,0,100,100,100,100,0,0,0,100,100,100
2025-11-21 13:19:09,24.91,24.4,17.88,31.07,145.5,402,9.91,0,0,0,100,100,100,100,0,0,0,100,100,100
2025-11-21 13:19:40,24.91,24.58,17.75,31.36,151.25,474,5.21,0,0,0,100,100,100,100,0,0,0,100,100,100
2025-11-21 13:20:11,24.78,24.52,17.73,32.33,176.5,596,7.52,0,0,0,100,100,100,100,0,0,0,100,100,100
2025-11-21 13:20:42,24.62,25.36,17.91,33.03,90.88,282,5.9,0,0,0,100,100,100,100,0,0,0,100,100,100
2025-11-21 13:21:13,24.75,25.82,17.98,32.67,65.75,256,6.07,0,0,0,100,100,100,100,0,0,0,100,100,100
2025-11-21 13:21:43,24.75,26.25,18.03,33.97,65.5,258,9.57,0,0,0,100,100,100,100,0,0,0,100,100,100
2025-11-21 13:22:14,25,25.55,17.86,32.5,176.88,644,8.41,0,0,0,100,100,100,100,0,0,0,100,100,100
2025-11-21 13:22:45,24.5,26.05,17.84,31.88,78.38,254,6.02,0,0,0,100,100,100,100,0,0,0,100,100,100
2025-11-21 13:23:16,24.38,25.55,17.8,32.94,71.5,249,4.69,0,0,0,100,100,100,100,0,0,0,100,100,100
2025-11-21 13:23:47,24.38,26.05,17.66,33.33,84.38,424,6.52,0,0,0,100,100,100,100,0,0,0,100,100,100
2025-11-21 13:24:18,24.5,26.06,17.97,33.27,90.75,356,3.8,0,0,0,100,100,100,100,0,0,0,100,100,100
2025-11-21 13:24:49,24.22,26.42,17.66,33.58,157.25,548,5.13,0,0,0,100,100,100,100,0,0,0,100,100,100
2025-11-21 13:25:20,23.84,26.93,17.53,33.14,96.5,402,4.35,0,0,0,100,100,100,100,0,0,0,100,100,100
2025-11-21 13:25:51,23.97,27.27,17.7,34.98,65.88,247,5.09,0,0,0,100,100,100,100,0,0,0,100,100,100
2025-11-21 13:26:22,23.69,27.73,17.53,33.33,170.75,656,8,0,0,0,100,100,100,100,0,0,0,100,100,100
2025-11-21 13:26:53,23.56,27.88,17.72,33.48,182.38,688,5.44,0,0,0,100,99.5,100,100.34,0,0,0,99.5,100.19,99.5
2025-11-21 13:27:24,23.56,28.86,17.78,33.08,170.75,688,3.63,0,0,0,98,98.33,100,99.04,0,0,0,97.5,100.45,97.5
2025-11-21 13:27:54,23.94,28.36,17.78,33.08,139,536,6.45,0,0,0,98,98.35,100,99.08,0,0,0,97.5,100.44,97.5
2025-11-21 13:28:25,24.19,28.5,17.8,32.8,132,528,10.22,0,0,0,91,91.51,100,92.71,0,0,0,91.5,100.01,90
2025-11-21 13:28:56,24.59,27.01,17.86,32.23,128.75,360,6.1,0,0,0,89,88.3,100,89.18,0,0,0,88,100.2,88
2025-11-21 13:29:27,24.59,26.73,17.84,33.64,78.38,308,9.48,0,0,0,89,88.3,100,89.2,0,0,0,88,100.2,88
2025-11-21 13:29:58,24.84,27.12,17.95,34.58,65.88,276,7.31,0,0,0,89,88.28,100,89.2,0,0,0,88,100.21,88
2025-11-21 13:30:29,24.97,26.53,18.03,34.11,60.75,286,10.01,0,0,0,89,88.31,100,89.2,0,0,0,88,100.21,88
2025-11-21 13:31:00,24.84,27.1,17.91,33.53,78.25,352,8.75,0,0,0,89,88.31,100,89.21,0,0,0,88,100.2,88
2025-11-21 13:31:31,24.59,27.15,17.72,33.66,96.75,416,8.81,0,0,0,89,88.31,100,89.23,0,0,0,88,100.21,88
2025-11-21 13:32:01,24.31,27.91,17.41,33.67,109.44,294,6.14,0,0,0,83.5,83.97,100,84.71,0,0,0,83.5,100.18,82.5
2025-11-21 13:32:32,24.34,27.52,17.45,34.33,60.81,338,4.56,0,0,0,82,78.53,100,81.27,0,0,0,79,100.12,79
2025-11-21 13:33:03,24.56,27.9,17.77,35.14,60.94,278,9.34,0,0,0,82,78.53,100,81.24,0,0,0,79,100.12,79
2025-11-21 13:33:34,24.59,27.21,17.77,34.39,60.94,344,10.55,0,0,0,78.5,75.53,100,78.23,0,0,0,76,100.06,75
2025-11-21 13:34:05,24.31,27.95,17.7,34.69,103.06,378,6.97,0,0,0,72.5,69.45,100,71.38,0,0,0,69.5,100.09,69.5
2025-11-21 13:34:36,23.94,27.84,17.58,34.98,103.38,334,7.02,0,0,0,72.5,69.42,100,71.39,0,0,0,69.5,100.08,69.5
2025-11-21 13:35:07,23.81,28.77,17.52,34.92,71.62,290,8,0,0,0,69.5,66.12,100,68.44,0,0,0,66.5,100.15,66
2025-11-21 13:35:38,23.78,29.08,17.56,35.66,71.5,340,9.18,0,0,0,67.5,63.49,100,65.41,0,0,0,63.5,100.23,64.5
2025-11-21 13:36:08,23.81,27.82,17.5,36.23,71.75,352,8.83,0,0,0,64,58.6,100,60.01,0,0,0,58.5,100.36,58.75
2025-11-21 13:36:39,23.94,28.9,17.58,35.23,60.88,274,8.89,0,0,0,62.5,57.08,100,58.63,0,0,0,57,100.37,57
2025-11-21 13:37:10,23.66,29.29,17.39,35.48,60.88,272,6.64,0,0,0,59,52.61,100,53.51,0,0,0,52.5,100.19,53.25
2025-11-21 13:37:41,23.41,30.18,17.44,36.23,60.88,266,8.5,0,0,0,55.5,49.33,100,50.71,0,0,0,49.5,100.08,49.75
2025-11-21 13:38:12,23.66,29.79,17.44,36.17,60.75,262,6.96,0,0,0,53.5,46.19,100,48.93,0,0,0,47.75,100.38,48
2025-11-21 13:38:43,23.66,29.74,17.38,36.42,60.88,262,8.57,0,0,0,50,43.46,100,45.5,0,0,0,44.75,100.21,44.25
2025-11-21 13:39:14,23.53,29.78,17.31,36.42,54.5,256,7.1,0,0,0,42.75,35.44,100,37.31,0,0,0,36.75,100.15,36.75
2025-11-21 13:39:45,23.5,30.45,17.3,36.75,54.5,249,7.92,0,0,0,39.5,32.31,100,34.38,0,0,0,33.75,100.39,33.25
2025-11-21 13:40:16,23.75,30.62,17.48,37.17,54.69,241,3.14,0,0,0,35.75,27.75,100,29.39,0,0,0,29.12,100.28,27.75
2025-11-21 13:40:46,24.28,29.87,17.55,37.22,54.56,236,6.36,0,0,0,28.38,19.94,100,21.19,0,0,0,21.38,100.03,20.38
2025-11-21 13:41:17,24.56,28.92,17.55,37.17,54.69,239,5.88,0,0,0,22.75,15.39,100,16.47,0,0,0,16.75,100.15,15
2025-11-21 13:41:48,24.25,30.92,17.25,36.02,54.69,238,10.26,0,0,0,19.38,12.52,100,13.39,0,0,0,13.81,100.45,11.5
2025-11-21 13:42:19,24.25,30.51,17.25,36.45,60.81,256,8.76,0,0,0,9.81,4.53,100,5.06,0,0,0,5.84,100.2,2.05
2025-11-21 13:42:50,24.41,30.16,17.12,36.42,71.75,366,7.29,0,0,0,9.75,2.93,100,3.36,0,0,0,4.12,100.4,2.03
2025-11-21 13:43:20,24.25,30.54,17.3,36.83,65.88,260,8.41,0,0,0,5.91,0.58,100,0.68,0,0,0,1.26,100,0.59
2025-11-21 13:43:50,24.25,30.51,17.31,36.33,60.81,243,9.24,0,0,0,0.67,0.56,100,0.7,0,0,0,0.39,100.3,0.57
2025-11-21 13:44:20,24.25,30.92,17.44,36.3,54.69,233,8.06,0,0,0,0.68,0.56,100,0.71,0,0,0,0.38,100.3,0.57
2025-11-21 13:44:51,24.5,31.14,17.25,36.34,54.56,228,6.56,0,0,0,0.68,0.56,100,0.68,0,0,0,0.36,100.1,0.56
2025-11-21 13:45:22,24.62,31.17,17.23,36.78,54.69,229,7.03,0,0,0,0.7,0.56,100,0.7,0,0,0,0.36,100.3,0.54
2025-11-21 13:45:53,24.62,30.95,17.25,36.45,54.69,229,6.91,0,0,0,0.7,0.56,100,0.68,0,0,0,0.38,100.1,0.57
2025-11-21 13:46:24,24.5,30.82,17.23,36.78,54.5,228,5.46,0,0,0,1.2,1.12,100,0.7,0,0,0,1.08,100.2,0.57
2025-11-21 13:46:54,24.5,31.33,17.48,36.94,54.5,222,3.95,0,0,0,1.19,1.14,100,0.71,0,0,0,1.08,100.2,0.57
2025-11-21 13:47:25,24.75,30.89,17.38,36.83,54.69,220,4.34,0,0,0,1.2,1.16,100,0.7,0,0,0,1.08,100.2,0.57
2025-11-21 13:47:56,24.62,30.62,17.42,37.45,54.56,216,4.46,0,0,0,1.19,1.12,100,0.68,0,0,0,1.08,100.2,0.56
2025-11-21 13:48:27,24.75,30.51,17.31,36.59,54.69,219,7.5,0,0,0,1.19,1.16,100,0.7,0,0,0,1.08,100,0.59
2025-11-21 13:48:58,24.75,31,17.36,37.08,48.44,214,4.99,0,0,0,1.19,1.14,100,0.7,0,0,0,1.08,100,0.57
2025-11-21 13:49:28,24.88,31.12,17.25,36.84,54.56,216,3.66,0,0,0,1.2,1.15,100,0.7,0,0,0,1.08,100.2,0.59
2025-11-21 13:49:59,25,30.74,17.31,36.08,54.69,220,5.91,0,0,0,1.2,1.15,100,0.7,0,0,0,1.06,100,0.61
2025-11-21 13:50:30,24.88,31.07,17.31,36.52,54.5,227,3.61,0,0,0,1.2,1.15,100,0.68,0,0,0,1.09,100,0.57
2025-11-21 13:51:01,24.88,31.04,17.3,36.86,54.62,227,4.73,0,0,0,1.2,1.13,100,0.67,0,0,0,1.08,100.2,0.56
2025-11-21 13:51:32,25.12,31.34,17.12,36.83,115.69,532,5.84,0,0,0,1.2,1.15,100,0.7,0,0,0,1.09,100,0.57
2025-11-21 13:52:03,25.12,31.21,17,36.58,151.12,600,6.85,0,0,0,0.7,0.56,100,0.7,0,0,0,0.44,100.3,0.57
2025-11-21 13:52:34,25.25,31.33,17.06,35.61,157,648,7.91,0,0,0,0.68,0.56,100,0.7,0,0,0,0.46,100.3,0.61
2025-11-21 13:53:04,25.25,31.38,16.89,35.11,164.12,668,8.1,0,0,0,0.67,0.56,100,0.68,0,0,0,0.44,100,0.56
2025-11-21 13:53:35,25.47,31.79,17.02,35.2,164.75,668,6.59,0,0,0,1.32,1.15,100,0.68,0,0,0,1.09,100,0.62
2025-11-21 13:54:06,25.59,31.79,17.14,34.36,157.25,640,4.99,0,0,0,1.31,1.14,100,0.7,0,0,0,1.08,100,0.56
2025-11-21 13:54:37,25.88,31.45,17.33,34.33,157.12,636,6.05,0,0,0,1.32,1.13,100,0.67,0,0,0,1.08,100.2,0.54
2025-11-21 13:55:08,26.25,30.57,17.39,34.58,157.38,656,6.5,0,0,0,1.31,1.12,100,0.68,0,0,0,1.09,100,0.56
2025-11-21 13:55:39,26.62,30.44,17.58,35.34,164.25,668,7.05,0,0,0,1.32,1.15,100,0.68,0,0,0,1.08,100.2,0.59
2025-11-21 13:56:10,27.03,29.85,17.95,35.3,109.19,506,8.27,0,0,0,1.31,1.14,100,0.7,0,0,0,1.06,100,0.57
2025-11-21 13:56:40,27.41,29.32,17.83,34.73,157.62,632,9.99,0,0,0,1.29,1.15,100,0.67,0,0,0,1.08,100,0.57
2025-11-21 13:57:11,27.69,28.95,17.83,34.47,145.5,600,8.72,0,0,0,0.68,0.58,100,0.68,0,0,0,0.39,100.3,0.57
2025-11-21 13:57:42,28.06,28.48,17.83,34.98,121.81,592,9.34,0,0,0,0.67,0.56,100,0.68,0,0,0,0.38,100.1,0.57
2025-11-21 13:58:13,28.19,27.86,17.66,34.09,151.12,616,2.14,0,0,0,0.66,0.56,100,0.67,0,0,0,0.41,100,0.56
2025-11-21 13:58:44,28.47,27.6,17.62,35.7,164.62,648,7.37,0,0,0,0.68,0.56,100,0.7,0,0,0,0.38,100.1,0.56
2025-11-21 13:59:15,28.72,27.59,17.66,34.2,164.88,636,6.02,0,0,0,0.67,0.57,100,0.7,0,0,0,0.38,100.1,0.57
2025-11-21 13:59:46,29.09,27.09,17.7,35.16,170.88,668,3.72,0,0,0,0.7,0.58,100,0.68,0,0,0,0.38,100.1,0.56
2025-11-21 14:00:17,29.22,26.89,17.66,34.12,164.62,668,5.88,0,0,0,0.67,0.56,100,0.68,0,0,0,0.39,100.3,0.57
2025-11-21 14:00:48,29.34,26.54,17.97,34.12,139.62,588,6.84,0,0,0,0.68,0.58,100,0.7,0,0,0,0.38,100.1,0.57
2025-11-21 14:01:19,29.47,26.34,18.08,34.88,60.75,260,1.97,0,0,0,0.67,0.56,100,0.68,0,0,0,0.41,100,0.57
2025-11-21 14:01:50,29.62,26.22,18.2,34.88,60.88,254,4.39,0,0,0,0.68,0.56,100,0.68,0,0,0,0.41,100,0.61
2025-11-21 14:02:20,29.47,26.51,17.89,34.38,60.94,245,5.03,0,0,0,0.68,0.57,100,0.7,0,0,0,0.38,100.1,0.57
2025-11-25 08:40:07,12.06,95.69,9.95,99.12,4.69,132,4.01,0,0,0,0.64,0.53,100,0.67,0,0,0.64,0.41,100.1,0.54
2025-11-25 08:40:38,12.06,95.84,9.97,99.03,4.69,136,4.13,0,0,0,0.64,0.53,100,0.68,0,0,0.67,0.42,100.3,0.54
2025-11-25 08:41:08,12.04,95.59,10.03,99.03,4.69,137,4.26,0,0,0,0.62,0.56,100,0.68,0,0,0.66,0.41,100,0.53
2025-11-25 08:41:39,12.17,95.84,10.14,99.41,4.69,135,4.23,0,0,0,0.62,0.53,100,0.67,0,0,0.66,0.41,100.3,0.59
2025-11-25 08:42:10,12.15,95.73,10.14,99.5,10.94,134,6.65,0,0,0,0.61,0.53,100,0.67,0,0,0.66,0.41,100,0.54
2025-11-25 08:42:41,12.14,95.78,10.41,99.41,10.94,138,5.24,0,0,0,0.66,0.53,100,0.67,0,0,0.66,0.38,100.1,0.5
2025-11-25 08:43:12,12.14,95.66,10.41,99.28,10.94,140,3.96,0,0,0,0.64,0.53,100,0.66,0,0,0.66,0.39,100.3,0.54
2025-11-25 08:43:42,12.2,95.62,10.53,99.16,10.94,141,4.46,0,0,0,0.66,0.56,100,0.7,0,0,0.64,0.39,100.3,0.54
2025-11-25 08:44:13,12.2,95.75,10.52,99.19,10.97,144,3.21,0,0,0,0.66,0.56,100,0.66,0,0,0.66,0.41,100,0.54
2025-11-25 08:44:44,12.25,95.25,10.55,98.97,10.97,147,2.6,0,0,0,0.62,0.53,100,0.67,0,0,0.64,0.38,100.1,0.5
2025-11-25 08:45:15,12.25,95.03,10.53,98.91,10.97,149,1.53,0,0,0,0.64,0.54,100,0.68,0,0,0.66,0.39,100,0.53
2025-11-25 08:45:45,12.43,95.27,10.63,98.91,10.97,144,1.89,0,0,0,0.62,0.53,100,0.66,0,0,0.67,0.39,100.3,0.54
2025-11-25 08:46:16,12.42,95.34,10.68,98.03,10.97,147,3.12,0,0,0,0.62,0.56,100,0.66,0,0,0.66,0.41,100,0.54
2025-11-25 08:46:47,12.48,95.16,10.64,98.47,10.97,149,2.24,0,0,0,0.62,0.53,100,0.67,0,0,0.67,0.41,100,0.54
2025-11-25 08:47:18,12.46,95.44,10.8,97.94,10.97,150,1.53,0,0,0,0.62,0.53,100,0.66,0,0,0.67,0.41,100,0.54
2025-11-25 08:47:49,12.46,95.39,10.79,97.97,10.97,152,2.01,0,0,0,0.64,0.53,100,0.67,0,0,0.66,0.44,100,0.54
2025-11-25 08:48:19,12.48,94.56,10.77,97.59,10.97,155,2.18,0,0,0,0.66,0.53,100,0.66,0,0,0.66,0.41,100,0.54
2025-11-25 08:48:50,12.48,94.77,10.77,97.5,10.94,155,1.79,0,0,0,0.64,0.53,100,0.67,0,0,0.67,0.44,100,0.56
2025-11-25 08:49:21,12.5,94.7,10.77,97.16,10.94,157,2.29,0,0,0,0.61,0.52,100,0.66,0,0,0.64,0.42,100.3,0.5
2025-11-25 08:49:51,12.68,94.83,10.79,96.94,17.12,160,0.13,0,0,0,0.62,0.53,100,0.66,0,0,0.66,0.38,100.1,0.54
2025-11-25 08:50:21,12.67,94.67,10.8,97,17.12,159,0,0,0,0,0.62,0.52,100,0.67,0,0,0.66,0.42,100.3,0.54
2025-11-25 08:50:51,12.65,94.77,10.91,97.12,17.12,164,0,0,0,0,0.64,0.56,100,0.67,0,0,0.66,0.41,100,0.54
2025-11-25 08:51:21,12.73,94.7,11.05,97.38,17.12,165,0,0,0,0,0.62,0.53,100,0.67,0,0,0.67,0.41,100,0.54
2025-11-25 08:51:52,12.73,94.27,11.27,96.78,17.12,169,3.89,0,0,0,0.62,0.52,100,0.66,0,0,0.66,0.41,100,0.56
2025-11-25 08:52:23,12.69,94.98,11.43,96.41,17.12,171,5.03,0,0,0,0.62,0.53,100,0.66,0,0,0.64,0.39,100.3,0.54
2025-11-25 08:52:54,12.86,94.3,11.27,96.03,17.12,173,5.9,0,0,0,0.61,0.53,100,0.67,0,0,0.66,0.41,100,0.54
2025-11-25 08:53:25,12.86,94.27,11.38,96.41,17.19,173,4.89,0,0,0,0.61,0.53,100,0.67,0,0,0.66,0.42,100.3,0.56
2025-11-25 08:53:56,12.86,94.19,11.42,95.78,17.19,176,6.06,0,0,0,0.62,0.52,100,0.63,0,0,0.64,0.42,100,0.54
2025-11-25 08:54:27,12.97,94.12,11.39,95.53,17.19,179,3.26,0,0,0,0.62,0.53,100,0.7,0,0,0.66,0.41,100,0.54
2025-11-25 08:54:58,12.95,94.23,11.53,95.69,17.19,176,3.73,0,0,0,0.64,0.56,100,0.68,0,0,0.67,0.41,100,0.56
2025-11-25 08:55:29,13.09,94.08,11.68,95.44,17.19,182,3.68,0,0,0,0.64,0.53,100,0.67,0,0,0.66,0.41,100,0.54
2025-11-25 08:56:00,13.2,94.19,11.65,95.47,23.44,182,4.43,0,0,0,0.64,0.53,100,0.67,0,0,0.66,0.42,100.3,0.57
2025-11-25 08:56:31,13.33,94.41,11.79,94.88,23.44,183,5,0,0,0,0.64,0.53,100,0.64,0,0,0.67,0.41,100,0.54
2025-11-25 08:57:01,13.34,93.52,11.64,94.56,23.44,185,4.38,0,0,0,0.62,0.54,100,0.68,0,0,0.66,0.41,100,0.54
2025-11-25 08:57:32,13.34,93.91,11.65,94.88,23.44,186,3.5,0,0,0,0.64,0.53,100,0.67,0,0,0.67,0.42,100.3,0.57
2025-11-25 08:58:03,13.31,93.59,11.75,94.91,23.44,186,2.65,0,0,0,0.62,0.53,100,0.66,0,0,0.66,0.42,100.3,0.56
2025-11-25 08:58:34,13.44,93.84,11.91,94.41,23.44,189,1.01,0,0,0,0.62,0.53,100,0.66,0,0,0.66,0.38,100.1,0.53
2025-11-25 08:59:05,13.44,93.58,11.92,94.03,23.38,190,1.73,0,0,0,0.66,0.56,100,0.68,0,0,0.66,0.39,100.3,0.54
2025-11-25 08:59:35,13.61,93.22,12.03,94.41,23.38,193,1.51,0,0,0,0.62,0.53,100,0.68,0,0,0.66,0.41,100.3,0.56
2025-11-25 09:00:06,13.6,93.22,12.16,94.41,23.38,197,2.4,0,0,0,0.62,0.56,100,0.67,0,0,0.66,0.41,100,0.5
2025-11-25 09:00:37,13.57,93.14,12.2,93.97,23.38,195,2.95,0,0,0,0.61,0.54,100,0.67,0,0,0.64,0.42,100.3,0.56
2025-11-25 09:01:08,13.57,93.17,12.22,93.25,23.38,197,2.95,0,0,0,0.64,0.53,100,0.67,0,0,0.66,0.42,100.3,0.56
2025-11-25 09:01:39,13.61,92.52,12.39,93.28,23.38,199,3.63,0,0,0,0.64,0.53,100,0.68,0,0,0.66,0.41,100,0.53
2025-11-25 09:02:09,13.74,92.58,12.47,93.31,23.38,200,3.43,0,0,0,0.64,0.53,100,0.67,0,0,0.66,0.41,100,0.54
2025-11-25 09:02:40,13.74,92.58,12.47,93.31,23.38,200,3.43,0,0,0,0.64,0.53,100,0.67,0,0,0.66,0.41,100,0.54
2025-11-25 09:03:11,13.74,92.58,12.47,93.31,23.38,200,3.43,0,0,0,0.64,0.53,100,0.67,0,0,0.66,0.41,100,0.54
2025-11-25 09:03:42,13.74,92.58,12.47,93.31,23.38,200,3.43,0,0,0,0.64,0.53,100,0.67,0,0,0.66,0.41,100,0.54
2025-11-25 09:04:13,13.74,92.58,12.47,93.31,23.38,200,3.43,0,0,0,0.64,0.53,100,0.67,0,0,0.66,0.41,100,0.54
2025-11-25 09:04:43,13.74,92.58,12.47,93.31,23.38,200,3.43,0,0,0,0.64,0.53,100,0.67,0,0,0.66,0.41,100,0.54
2025-11-25 09:05:14,13.74,92.58,12.47,93.31,23.38,200,3.43,0,0,0,0.64,0.53,100,0.67,0,0,0.66,0.41,100,0.54
2025-11-25 09:05:45,13.74,92.58,12.47,93.31,23.38,200,3.43,0,0,0,0.64,0.53,100,0.67,0,0,0.66,0.41,100,0.54
2025-11-25 09:06:16,13.74,92.58,12.47,93.31,23.38,200,3.43,0,0,0,0.64,0.53,100,0.67,0,0,0.66,0.41,100,0.54
2025-11-25 09:06:46,13.74,92.58,12.47,93.31,23.38,200,3.43,0,0,0,0.64,0.53,100,0.67,0,0,0.66,0.41,100,0.54
2025-11-25 09:07:17,13.74,92.58,12.47,93.31,23.38,200,3.43,0,0,0,0.64,0.53,100,0.67,0,0,0.66,0.41,100,0.54
2025-11-25 09:07:48,13.74,92.58,12.47,93.31,23.38,200,3.43,0,0,0,0.64,0.53,100,0.67,0,0,0.66,0.41,100,0.54
2025-11-25 09:08:19,13.74,92.58,12.47,93.31,23.38,200,3.43,0,0,0,0.64,0.53,100,0.67,0,0,0.66,0.41,100,0.54
2025-11-25 09:08:50,13.74,92.58,12.47,93.31,23.38,200,3.43,0,0,0,0.64,0.53,100,0.67,0,0,0.66,0.41,100,0.54
2025-11-25 09:09:21,13.74,92.58,12.47,93.31,23.38,200,3.43,0,0,0,0.64,0.53,100,0.67,0,0,0.66,0.41,100,0.54
2025-11-25 09:09:51,13.74,92.58,12.47,93.31,23.38,200,3.43,0,0,0,0.64,0.53,100,0.67,0,0,0.66,0.41,100,0.54
2025-11-25 09:10:22,13.74,92.58,12.47,93.31,23.38,200,3.43,0,0,0,0.64,0.53,100,0.67,0,0,0.66,0.41,100,0.54
2025-11-25 09:10:53,13.74,92.58,12.47,93.31,23.38,200,3.43,0,0,0,0.64,0.53,100,0.67,0,0,0.66,0.41,100,0.54
2025-11-25 09:11:24,13.74,92.58,12.47,93.31,23.38,200,3.43,0,0,0,0.64,0.53,100,0.67,0,0,0.66,0.41,100,0.54
2025-11-25 09:11:55,13.74,92.58,12.47,93.31,23.38,200,3.43,0,0,0,0.64,0.53,100,0.67,0,0,0.66,0.41,100,0.54
2025-11-25 09:12:26,13.74,92.58,12.47,93.31,23.38,200,3.43,0,0,0,0.64,0.53,100,0.67,0,0,0.66,0.41,100,0.54
2025-11-25 09:12:57,14.99,90.89,13.09,89.88,35.75,234,3.11,0,0,0,0.64,0.5,100,0.68,0,0,0.66,0.38,100.1,0.56
2025-11-25 09:13:28,15.12,90.86,13.12,90.62,35.75,229,4.47,0,0,0,0.64,0.53,100,0.67,0,0,0.66,0.39,100,0.54
2025-11-25 09:13:59,15.12,90.17,13.35,90.88,42,238,3.45,0,0,0,0.64,0.53,100,0.67,0,0,0.66,0.42,100.3,0.54
2025-11-25 09:14:30,15.25,90.45,13.49,90.88,35.88,234,5.8,0,0,0,0.64,0.52,100,0.66,0,0,0.66,0.41,100,0.54
2025-11-25 09:15:00,15.26,90.7,13.57,91.62,42.12,235,6.08,0,0,0,0.64,0.53,100,0.66,0,0,0.66,0.38,100.1,0.54
2025-11-25 09:15:31,15.26,90.7,13.57,91.62,42.12,235,6.08,0,0,0,0.64,0.53,100,0.66,0,0,0.66,0.38,100.1,0.54
2025-11-25 09:16:02,15.26,90.7,13.57,91.62,42.12,235,6.08,0,0,0,0.64,0.53,100,0.66,0,0,0.66,0.38,100.1,0.54
2025-11-25 09:16:33,15.26,90.7,13.57,91.62,42.12,235,6.08,0,0,0,0.64,0.53,100,0.66,0,0,0.66,0.38,100.1,0.54
2025-11-25 09:17:03,15.26,90.7,13.57,91.62,42.12,235,6.08,0,0,0,0.64,0.53,100,0.66,0,0,0.66,0.38,100.1,0.54
2025-11-25 09:17:34,15.26,90.7,13.57,91.62,42.12,235,6.08,0,0,0,0.64,0.53,100,0.66,0,0,0.66,0.38,100.1,0.54
2025-11-25 09:18:05,15.26,90.7,13.57,91.62,42.12,235,6.08,0,0,0,0.64,0.53,100,0.66,0,0,0.66,0.38,100.1,0.54
2025-11-25 09:18:36,15.26,90.7,13.57,91.62,42.12,235,6.08,0,0,0,0.64,0.53,100,0.66,0,0,0.66,0.38,100.1,0.54
2025-11-25 09:19:07,15.26,90.7,13.57,91.62,42.12,235,6.08,0,0,0,0.64,0.53,100,0.66,0,0,0.66,0.38,100.1,0.54
2025-11-25 09:19:37,15.26,90.7,13.57,91.62,42.12,235,6.08,0,0,0,0.64,0.53,100,0.66,0,0,0.66,0.38,100.1,0.54
2025-11-25 09:20:08,15.26,90.7,13.57,91.62,42.12,235,6.08,0,0,0,0.64,0.53,100,0.66,0,0,0.66,0.38,100.1,0.54
2025-11-25 09:20:39,15.26,90.7,13.57,91.62,42.12,235,6.08,0,0,0,0.64,0.53,100,0.66,0,0,0.66,0.38,100.1,0.54
2025-11-25 09:21:10,15.26,90.7,13.57,91.62,42.12,235,6.08,0,0,0,0.64,0.53,100,0.66,0,0,0.66,0.38,100.1,0.54
2025-11-25 09:21:40,15.26,90.7,13.57,91.62,42.12,235,6.08,0,0,0,0.64,0.53,100,0.66,0,0,0.66,0.38,100.1,0.54
2025-11-25 09:22:11,15.26,90.7,13.57,91.62,42.12,235,6.08,0,0,0,0.64,0.53,100,0.66,0,0,0.66,0.38,100.1,0.54
2025-11-25 09:22:42,16.16,88.97,15.23,89.19,48.25,262,4.35,0,0,0,0.64,0.54,100,0.67,0,0,0.67,0.41,100,0.54
2025-11-25 09:23:13,16.31,88.75,15.2,89.12,48.25,262,1.3,0,0,0,0.62,0.52,100,0.67,0,0,0.64,0.38,100.3,0.54
2025-11-25 09:23:44,16.28,88.94,15.26,89.56,48.31,264,0,0,0,0,0.66,0.53,100,0.67,0,0,0.66,0.39,100,0.54
2025-11-25 09:24:14,16.47,88.11,15.39,89.44,48.31,262,0,0,0,0,0.62,0.53,100,0.67,0,0,0.64,0.41,100,0.53
2025-11-25 09:24:45,16.38,88.17,15.42,88.19,48.31,268,0,0,0,0,0.64,0.53,100,0.67,0,0,0.66,0.41,100,0.54
2025-11-25 09:25:16,16.48,87.55,15.29,87.59,48.44,270,0,0,0,0,0.64,0.53,100,0.67,0,0,0.67,0.41,100,0.54
2025-11-25 09:25:47,16.6,87.84,15.21,87.78,48.31,266,0,0,0,0,0.64,0.53,100,0.67,0,0,0.66,0.39,100.3,0.54
2025-11-25 09:26:17,16.73,87.8,15.24,87.22,54.56,272,0,0,0,0,0.64,0.53,100,0.67,0,0,0.67,0.41,100,0.56
2025-11-25 09:26:48,16.63,87.8,15.24,86.84,54.56,276,0,0,0,0,0.64,0.54,100,0.66,0,0,0.67,0.42,100,0.59
2025-11-25 09:27:18,16.79,87.77,15.24,86.12,54.56,272,7.48,0,0,0,0.64,0.54,100,0.7,0,0,0.66,0.41,100,0.54
2025-11-25 09:27:49,16.98,87.03,15.23,86.44,54.56,270,3.68,0,0,0,0.66,0.56,100,0.67,0,0,0.64,0.41,100,0.56
2025-11-25 09:28:20,16.95,87.33,15.27,85.62,54.56,270,4.21,0,0,0,0.62,0.5,100,0.67,0,0,0.66,0.39,100.3,0.53
2025-11-25 09:28:51,17.01,87.16,15.29,85.16,54.69,276,6.12,0,0,0,0.66,0.56,100,0.68,0,0,0.64,0.42,100.3,0.54
2025-11-25 09:29:22,17.1,86.77,15.27,85.94,54.69,280,4.41,0,0,0,0.66,0.56,100,0.67,0,0,0.67,0.44,100,0.56
2025-11-25 09:29:52,17.35,86.77,15.42,84.81,54.62,282,6.85,0,0,0,0.62,0.53,100,0.68,0,0,0.66,0.42,100.3,0.56
2025-11-25 09:30:23,17.45,86.67,15.51,85.16,54.5,284,3.28,0,0,0,0.66,0.53,100,0.67,0,0,0.67,0.42,100.3,0.54
2025-11-25 09:30:54,17.45,86.38,15.53,85.16,54.5,282,4.28,0,0,0,0.66,0.56,100,0.67,0,0,0.66,0.42,100.3,0.54
2025-11-25 09:31:25,17.39,86.41,15.51,85.75,54.5,284,4.13,0,0,0,0.66,0.54,100,0.66,0,0,0.66,0.41,100,0.54
2025-11-25 09:31:56,17.58,85.8,15.52,85.84,60.75,284,3.12,0,0,0,0.64,0.52,100,0.67,0,0,0.66,0.39,100.3,0.52
2025-11-25 09:32:27,17.73,85.58,15.41,85.56,60.88,292,2.09,0,0,0,0.62,0.53,100,0.66,0,0,0.66,0.41,100,0.54
2025-11-25 09:32:58,17.83,85.86,15.55,85.78,60.75,290,0.16,0,0,0,0.64,0.53,100,0.68,0,0,0.66,0.41,100,0.56
2025-11-25 09:33:29,17.84,85.08,15.55,85.97,60.81,294,0,0,0,0,0.64,0.53,100,0.67,0,0,0.66,0.39,100.3,0.54
2025-11-25 09:33:59,17.96,85.22,15.66,86.91,60.81,296,0.87,0,0,0,0.64,0.53,100,0.66,0,0,0.67,0.39,100.3,0.59
2025-11-25 09:34:30,17.9,85.3,15.91,86.31,60.94,294,1.53,0,0,0,0.61,0.52,100,0.67,0,0,0.66,0.39,100.3,0.5
2025-11-25 09:35:01,17.96,84.8,15.91,85.81,60.94,300,1.99,0,0,0,0.64,0.54,100,0.67,0,0,0.67,0.42,100.3,0.59
2025-11-25 09:35:32,17.93,84.84,16.12,84.91,60.94,300,3.06,0,0,0,0.64,0.54,100,0.67,0,0,0.64,0.39,100.3,0.56
2025-11-25 09:36:02,18.12,84.03,16.05,84.69,65.62,298,4.18,0,0,0,0.66,0.53,100,0.67,0,0,0.66,0.41,100,0.54
2025-11-25 09:36:33,18.12,84.16,16.05,84.16,60.94,300,6.51,0,0,0,0.64,0.52,100,0.68,0,0,0.68,0.42,100.3,0.57
2025-11-25 09:37:04,18.12,84.48,16.05,84.16,60.81,300,7.76,0,0,0,0.64,0.53,100,0.67,0,0,0.66,0.39,100.3,0.57
2025-11-25 09:37:35,18.21,84.31,16.03,84.22,60.94,296,9.08,0,0,0,0.62,0.53,100,0.67,0,0,0.66,0.41,100,0.59
2025-11-25 09:38:06,18.18,84.12,16.02,84.62,65.88,298,7.71,0,0,0,0.66,0.54,100,0.67,0,0,0.66,0.39,100.3,0.52
2025-11-25 09:38:37,18.3,84.05,16.09,84.84,60.81,298,8.08,0,0,0,0.64,0.53,100,0.67,0,0,0.67,0.41,100,0.54
2025-11-25 09:39:08,18.38,84.48,16.12,84.84,65.88,306,5.7,0,0,0,0.64,0.52,100,0.66,0,0,0.66,0.39,100,0.54
2025-11-25 09:39:39,18.41,84.41,16.02,85.47,65.88,304,5.63,0,0,0,0.66,0.54,100,0.67,0,0,0.66,0.39,100.3,0.56
2025-11-25 09:40:09,18.5,84.41,16.02,85.91,65.5,304,5.19,0,0,0,0.64,0.54,100,0.67,0,0,0.66,0.42,100.3,0.59
2025-11-25 09:40:40,18.5,84.39,16.05,85.84,65.75,304,3.61,0,0,0,0.62,0.54,100,0.67,0,0,0.66,0.39,100.1,0.54
2025-11-25 09:41:11,18.66,83.95,16.11,85.84,65.5,308,3.22,0,0,0,0.63,0.52,100,0.67,0,0,0.66,0.41,100,0.53
2025-11-25 09:41:42,18.75,83.8,16.08,85.97,65.75,308,3.81,0,0,0,0.64,0.53,100,0.67,0,0,0.66,0.39,100.3,0.56
2025-11-25 09:42:13,18.81,83,15.9,85.84,65.75,312,3.14,0,0,0,0.64,0.54,100,0.67,0,0,0.67,0.41,100,0.54
2025-11-25 09:42:43,18.94,83.39,15.9,86.22,65.5,318,2.42,0,0,0,0.66,0.53,100,0.64,0,0,0.66,0.39,100,0.56
